
=== 1/8  staging the Kbase payload into the kernel tree ===
      merging payload root into kernel tree root
      staged (payload fingerprint 6bbd65fc9bb9c4002db6c165a254d477c532815621f54f12111cd731017dffa0)

=== 2/8  kbuild-ify (kbuild prefers Makefile over Kbuild) ===
      drivers/gpu/arm/Makefile: Android Makefile set aside, Kbuild installed in its place
      drivers/gpu/arm/midgard/Makefile: Android Makefile set aside, Kbuild installed in its place

=== 3/8  wiring drivers/gpu (idempotent) ===
      drivers/gpu/Kconfig: + source "drivers/gpu/arm/Kconfig"
      drivers/gpu/Makefile: + obj-$(CONFIG_MALI_MIDGARD) += arm/

=== 4/8  seeding /workspaces/lab0xy0/build/baseline/.config (kernel defconfig + profile fragment) ===
make[1]: Entering directory '/workspaces/lab0xy0/build/baseline'
  GEN     Makefile
  HOSTCC  scripts/basic/fixdep
  HOSTCC  scripts/kconfig/conf.o
  HOSTCC  scripts/kconfig/confdata.o
  HOSTCC  scripts/kconfig/expr.o
  LEX     scripts/kconfig/lexer.lex.c
  YACC    scripts/kconfig/parser.tab.[ch]
  HOSTCC  scripts/kconfig/lexer.lex.o
  HOSTCC  scripts/kconfig/menu.o
  HOSTCC  scripts/kconfig/parser.tab.o
  HOSTCC  scripts/kconfig/preprocess.o
  HOSTCC  scripts/kconfig/symbol.o
  HOSTCC  scripts/kconfig/util.o
  HOSTLD  scripts/kconfig/conf
*** Default configuration is based on 'x86_64_defconfig'
#
# configuration written to .config
#
make[1]: Leaving directory '/workspaces/lab0xy0/build/baseline'
make[1]: Entering directory '/workspaces/lab0xy0/build/baseline'
  GEN     Makefile
.config:5367:warning: override: reassigning to symbol MALI_MIDGARD
.config:5374:warning: override: reassigning to symbol DMA_SHARED_BUFFER
.config:5375:warning: override: reassigning to symbol PM_DEVFREQ
.config:5378:warning: override: reassigning to symbol FW_LOADER
#
# configuration written to .config
#
make[1]: Leaving directory '/workspaces/lab0xy0/build/baseline'
      merged fragment via append + olddefconfig

=== 5/8  verifying every fragment symbol took effect ===
      checked 13 fragment symbols, 0 problem(s)
      effective .config sha256: 515ce13d9fcdfb4d4d4dbbe8885f38b8850dd8deedbde018d5c2eecbcdb823e9

=== 6/8  building the kernel (long step; log: /workspaces/lab0xy0/build/logs/baseline.log) ===
make[1]: Entering directory '/workspaces/lab0xy0/build/baseline'
  SYNC    include/config/auto.conf.cmd
  GEN     Makefile
  GEN     Makefile
  WRAP    arch/x86/include/generated/uapi/asm/bpf_perf_event.h
  SYSHDR  arch/x86/include/generated/uapi/asm/unistd_32.h
  GEN     arch/x86/include/generated/asm/orc_hash.h
  WRAP    arch/x86/include/generated/uapi/asm/errno.h
  WRAP    arch/x86/include/generated/uapi/asm/fcntl.h
  WRAP    arch/x86/include/generated/uapi/asm/ioctl.h
  WRAP    arch/x86/include/generated/uapi/asm/ioctls.h
  WRAP    arch/x86/include/generated/uapi/asm/ipcbuf.h
  WRAP    arch/x86/include/generated/uapi/asm/param.h
  WRAP    arch/x86/include/generated/uapi/asm/poll.h
  WRAP    arch/x86/include/generated/uapi/asm/resource.h
  WRAP    arch/x86/include/generated/uapi/asm/socket.h
  WRAP    arch/x86/include/generated/uapi/asm/sockios.h
  HOSTCC  arch/x86/tools/relocs_32.o
  WRAP    arch/x86/include/generated/uapi/asm/termbits.h
  WRAP    arch/x86/include/generated/uapi/asm/termios.h
  WRAP    arch/x86/include/generated/uapi/asm/types.h
  SYSHDR  arch/x86/include/generated/uapi/asm/unistd_64.h
  UPD     include/config/kernel.release
  WRAP    arch/x86/include/generated/asm/early_ioremap.h
  HOSTCC  arch/x86/tools/relocs_64.o
  WRAP    arch/x86/include/generated/asm/mcs_spinlock.h
  WRAP    arch/x86/include/generated/asm/mmzone.h
  WRAP    arch/x86/include/generated/asm/ring_buffer.h
  WRAP    arch/x86/include/generated/asm/irq_regs.h
  WRAP    arch/x86/include/generated/asm/kmap_size.h
  WRAP    arch/x86/include/generated/asm/local64.h
  WRAP    arch/x86/include/generated/asm/mmiowb.h
  WRAP    arch/x86/include/generated/asm/module.lds.h
  SYSHDR  arch/x86/include/generated/uapi/asm/unistd_x32.h
  WRAP    arch/x86/include/generated/asm/rwonce.h
  UPD     include/generated/uapi/linux/version.h
  HOSTCC  arch/x86/tools/relocs_common.o
  SYSTBL  arch/x86/include/generated/asm/syscalls_32.h
  SYSHDR  arch/x86/include/generated/asm/unistd_32_ia32.h
  SYSHDR  arch/x86/include/generated/asm/unistd_64_x32.h
  UPD     include/generated/utsrelease.h
  SYSTBL  arch/x86/include/generated/asm/syscalls_64.h
  UPD     include/generated/compile.h
  HOSTCC  scripts/selinux/genheaders/genheaders
  DESCEND objtool
  HOSTCC  scripts/kallsyms
  HOSTLD  arch/x86/tools/relocs
  HOSTCC  scripts/selinux/mdp/mdp
  HOSTCC  scripts/sorttable
  INSTALL /workspaces/lab0xy0/build/baseline/tools/objtool/libsubcmd/include/subcmd/exec-cmd.h
  INSTALL /workspaces/lab0xy0/build/baseline/tools/objtool/libsubcmd/include/subcmd/help.h
  HOSTCC  scripts/asn1_compiler
  INSTALL /workspaces/lab0xy0/build/baseline/tools/objtool/libsubcmd/include/subcmd/pager.h
  INSTALL /workspaces/lab0xy0/build/baseline/tools/objtool/libsubcmd/include/subcmd/parse-options.h
  INSTALL /workspaces/lab0xy0/build/baseline/tools/objtool/libsubcmd/include/subcmd/run-command.h
  INSTALL libsubcmd_headers
  CC      /workspaces/lab0xy0/build/baseline/tools/objtool/libsubcmd/exec-cmd.o
  CC      /workspaces/lab0xy0/build/baseline/tools/objtool/libsubcmd/help.o
  CC      /workspaces/lab0xy0/build/baseline/tools/objtool/libsubcmd/pager.o
  CC      /workspaces/lab0xy0/build/baseline/tools/objtool/libsubcmd/parse-options.o
  CC      /workspaces/lab0xy0/build/baseline/tools/objtool/libsubcmd/run-command.o
  CC      /workspaces/lab0xy0/build/baseline/tools/objtool/libsubcmd/sigchain.o
  CC      scripts/mod/empty.o
  HOSTCC  scripts/mod/mk_elfconfig
  CC      /workspaces/lab0xy0/build/baseline/tools/objtool/libsubcmd/subcmd-config.o
  CC      scripts/mod/devicetable-offsets.s
  MKELF   scripts/mod/elfconfig.h
  HOSTCC  scripts/mod/modpost.o
  HOSTCC  scripts/mod/sumversion.o
  HOSTCC  scripts/mod/symsearch.o
  UPD     scripts/mod/devicetable-offsets.h
  HOSTCC  scripts/mod/file2alias.o
  LD      /workspaces/lab0xy0/build/baseline/tools/objtool/libsubcmd/libsubcmd-in.o
  AR      /workspaces/lab0xy0/build/baseline/tools/objtool/libsubcmd/libsubcmd.a
  CC      /workspaces/lab0xy0/build/baseline/tools/objtool/weak.o
  MKDIR   /workspaces/lab0xy0/build/baseline/tools/objtool/arch/x86/
  CC      /workspaces/lab0xy0/build/baseline/tools/objtool/arch/x86/special.o
  CC      /workspaces/lab0xy0/build/baseline/tools/objtool/check.o
  MKDIR   /workspaces/lab0xy0/build/baseline/tools/objtool/arch/x86/lib/
  GEN     /workspaces/lab0xy0/build/baseline/tools/objtool/arch/x86/lib/inat-tables.c
  CC      /workspaces/lab0xy0/build/baseline/tools/objtool/arch/x86/orc.o
  CC      /workspaces/lab0xy0/build/baseline/tools/objtool/arch/x86/decode.o
  CC      /workspaces/lab0xy0/build/baseline/tools/objtool/special.o
  CC      /workspaces/lab0xy0/build/baseline/tools/objtool/builtin-check.o
  HOSTLD  scripts/mod/modpost
  UPD     include/generated/timeconst.h
  CC      kernel/bounds.s
  CC      /workspaces/lab0xy0/build/baseline/tools/objtool/elf.o
  CHKSHA1 /workspaces/lab0xy0/kernel/sources/linux/6.12.111/include/linux/atomic/atomic-arch-fallback.h
  CHKSHA1 /workspaces/lab0xy0/kernel/sources/linux/6.12.111/include/linux/atomic/atomic-instrumented.h
  CHKSHA1 /workspaces/lab0xy0/kernel/sources/linux/6.12.111/include/linux/atomic/atomic-long.h
  UPD     include/generated/bounds.h
  CC      arch/x86/kernel/asm-offsets.s
  LD      /workspaces/lab0xy0/build/baseline/tools/objtool/arch/x86/objtool-in.o
  CC      /workspaces/lab0xy0/build/baseline/tools/objtool/objtool.o
  CC      /workspaces/lab0xy0/build/baseline/tools/objtool/orc_gen.o
  CC      /workspaces/lab0xy0/build/baseline/tools/objtool/orc_dump.o
  CC      /workspaces/lab0xy0/build/baseline/tools/objtool/libstring.o
  CC      /workspaces/lab0xy0/build/baseline/tools/objtool/libctype.o
  UPD     include/generated/asm-offsets.h
  CALL    /workspaces/lab0xy0/kernel/sources/linux/6.12.111/scripts/checksyscalls.sh
  CC      /workspaces/lab0xy0/build/baseline/tools/objtool/str_error_r.o
  CC      /workspaces/lab0xy0/build/baseline/tools/objtool/librbtree.o
  LD      /workspaces/lab0xy0/build/baseline/tools/objtool/objtool-in.o
  LINK    /workspaces/lab0xy0/build/baseline/tools/objtool/objtool
  LDS     scripts/module.lds
  HOSTCC  usr/gen_init_cpio
  CC      init/main.o
  CC      arch/x86/entry/vdso/vma.o
  CC      kernel/sched/core.o
  GEN     usr/initramfs_data.cpio
  COPY    usr/initramfs_inc_data
  AS      usr/initramfs_data.o
  AR      usr/built-in.a
  CC      kernel/sched/fair.o
  CC      arch/x86/entry/vdso/extable.o
  UPD     init/utsversion-tmp.h
  CC      init/do_mounts.o
  LDS     arch/x86/entry/vdso/vdso.lds
  AS      arch/x86/entry/vdso/vdso-note.o
  CC      arch/x86/entry/vdso/vclock_gettime.o
  CC      arch/x86/entry/vdso/vgetcpu.o
  CC      arch/x86/entry/vdso/vgetrandom.o
  CC      init/do_mounts_initrd.o
  AS      arch/x86/entry/vdso/vgetrandom-chacha.o
  HOSTCC  arch/x86/entry/vdso/vdso2c
  LDS     arch/x86/entry/vdso/vdso32/vdso32.lds
  AS      arch/x86/entry/vdso/vdso32/note.o
  AS      arch/x86/entry/vdso/vdso32/system_call.o
  AS      arch/x86/entry/vdso/vdso32/sigreturn.o
  CC      arch/x86/entry/vdso/vdso32/vclock_gettime.o
  CC      init/initramfs.o
  CC      arch/x86/entry/vdso/vdso32/vgetcpu.o
  CC      arch/x86/entry/vdso/vdso32-setup.o
  CC      kernel/sched/build_policy.o
  CC      init/calibrate.o
  VDSO    arch/x86/entry/vdso/vdso64.so.dbg
  CC      arch/x86/events/amd/core.o
  VDSO    arch/x86/entry/vdso/vdso32.so.dbg
  CC      init/init_task.o
  OBJCOPY arch/x86/entry/vdso/vdso64.so
  OBJCOPY arch/x86/entry/vdso/vdso32.so
  VDSO2C  arch/x86/entry/vdso/vdso-image-64.c
  VDSO2C  arch/x86/entry/vdso/vdso-image-32.c
  CC      arch/x86/entry/vdso/vdso-image-64.o
  CC      arch/x86/entry/vdso/vdso-image-32.o
  AR      arch/x86/entry/vdso/built-in.a
  CC      arch/x86/entry/vsyscall/vsyscall_64.o
  CC      init/version.o
  AR      init/built-in.a
  CC      arch/x86/events/amd/lbr.o
  CC      kernel/locking/mutex.o
  AS      arch/x86/entry/vsyscall/vsyscall_emu_64.o
  AR      arch/x86/entry/vsyscall/built-in.a
  AS      arch/x86/entry/entry.o
  AS      arch/x86/entry/entry_64.o
  CC      arch/x86/events/amd/ibs.o
  CC      arch/x86/entry/syscall_64.o
  CC      kernel/locking/semaphore.o
  CC      arch/x86/entry/common.o
  CC      arch/x86/events/amd/uncore.o
  CC      kernel/locking/rwsem.o
  CC      kernel/sched/build_utility.o
  AS      arch/x86/entry/thunk.o
  AS      arch/x86/entry/entry_64_compat.o
  CC      arch/x86/entry/syscall_32.o
  CC      kernel/locking/percpu-rwsem.o
  CC      arch/x86/events/amd/iommu.o
  CC      kernel/locking/spinlock.o
  AR      arch/x86/entry/built-in.a
  CC      kernel/power/qos.o
  CC      kernel/locking/osq_lock.o
  AR      arch/x86/events/amd/built-in.a
  CC      arch/x86/events/intel/core.o
  CC      kernel/locking/qspinlock.o
  CC      kernel/power/main.o
  CC      kernel/locking/rtmutex_api.o
  CC      kernel/locking/qrwlock.o
  CC      kernel/power/console.o
  AR      kernel/sched/built-in.a
  CC      arch/x86/events/zhaoxin/core.o
  AR      kernel/locking/built-in.a
  CC      kernel/power/process.o
  CC      certs/system_keyring.o
  HOSTCC  certs/extract-cert
  CC      arch/x86/events/intel/bts.o
  AR      arch/x86/events/zhaoxin/built-in.a
  CC      arch/x86/events/intel/ds.o
  CERT    certs/x509_certificate_list
  CERT    certs/signing_key.x509
  AS      certs/system_certificates.o
  AR      certs/built-in.a
  CC      mm/filemap.o
  CC      kernel/power/suspend.o
  CC      fs/notify/dnotify/dnotify.o
  CC      kernel/power/hibernate.o
  CC      arch/x86/events/intel/knc.o
  AR      fs/notify/dnotify/built-in.a
  CC      fs/notify/inotify/inotify_fsnotify.o
  CC      fs/notify/inotify/inotify_user.o
  CC      arch/x86/events/intel/lbr.o
  CC      kernel/power/snapshot.o
  AR      fs/notify/inotify/built-in.a
  CC      mm/mempool.o
  AR      fs/notify/fanotify/built-in.a
  CC      fs/notify/fsnotify.o
  CC      arch/x86/events/intel/p4.o
  CC      mm/oom_kill.o
  CC      fs/notify/notification.o
  CC      kernel/power/swap.o
  CC      fs/notify/group.o
  CC      arch/x86/events/intel/p6.o
  CC      kernel/power/user.o
  CC      mm/fadvise.o
  CC      fs/notify/mark.o
  CC      arch/x86/events/intel/pt.o
  CC      kernel/power/poweroff.o
  CC      mm/maccess.o
  CC      fs/notify/fdinfo.o
  AR      kernel/power/built-in.a
  CC      kernel/printk/printk.o
  AR      fs/notify/built-in.a
  CC      mm/page-writeback.o
  CC      fs/nfs_common/nfsacl.o
  CC      arch/x86/events/intel/uncore.o
  CC      fs/nfs_common/grace.o
  CC      arch/x86/events/intel/uncore_nhmex.o
  CC      kernel/printk/printk_safe.o
  CC      fs/nfs_common/common.o
  CC      mm/folio-compat.o
  CC      kernel/printk/nbcon.o
  AR      fs/nfs_common/built-in.a
  CC      fs/iomap/trace.o
  CC      mm/readahead.o
  CC      arch/x86/events/intel/uncore_snb.o
  CC      kernel/printk/printk_ringbuffer.o
  CC      fs/iomap/iter.o
  CC      mm/swap.o
  CC      kernel/printk/sysctl.o
  CC      arch/x86/events/intel/uncore_snbep.o
  AR      kernel/printk/built-in.a
  CC      kernel/irq/irqdesc.o
  CC      fs/iomap/buffered-io.o
  CC      kernel/irq/handle.o
  CC      mm/truncate.o
  CC      kernel/irq/manage.o
  CC      fs/iomap/direct-io.o
  CC      arch/x86/events/intel/uncore_discovery.o
  CC      mm/vmscan.o
  CC      fs/iomap/fiemap.o
  CC      arch/x86/events/intel/cstate.o
  CC      kernel/irq/spurious.o
  CC      kernel/irq/resend.o
  CC      fs/iomap/seek.o
  AR      arch/x86/events/intel/built-in.a
  CC      arch/x86/events/core.o
  CC      kernel/irq/chip.o
  CC      fs/iomap/swapfile.o
  CC      mm/shrinker.o
  AR      fs/iomap/built-in.a
  CC      fs/quota/dquot.o
  CC      kernel/irq/dummychip.o
  CC      mm/shmem.o
  CC      kernel/irq/devres.o
  CC      arch/x86/events/probe.o
  CC      kernel/irq/kexec.o
  CC      arch/x86/events/utils.o
  CC      fs/quota/quota_v2.o
  CC      kernel/irq/autoprobe.o
  CC      arch/x86/events/rapl.o
  CC      fs/quota/quota_tree.o
  CC      kernel/irq/irqdomain.o
  CC      mm/util.o
  CC      arch/x86/events/msr.o
  CC      fs/quota/quota.o
  CC      kernel/irq/proc.o
  AR      arch/x86/events/built-in.a
  CC      arch/x86/realmode/init.o
  CC      mm/mmzone.o
  CC      kernel/irq/migration.o
  AS      arch/x86/realmode/rm/header.o
  AS      arch/x86/realmode/rm/trampoline_64.o
  CC      fs/quota/kqid.o
  AS      arch/x86/realmode/rm/stack.o
  AS      arch/x86/realmode/rm/reboot.o
  AS      arch/x86/realmode/rm/wakeup_asm.o
  CC      mm/vmstat.o
  CC      arch/x86/realmode/rm/wakemain.o
  CC      arch/x86/realmode/rm/video-mode.o
  AS      arch/x86/realmode/rm/copy.o
  AS      arch/x86/realmode/rm/bioscall.o
  CC      arch/x86/realmode/rm/regs.o
  CC      kernel/irq/cpuhotplug.o
  CC      arch/x86/realmode/rm/video-vga.o
  CC      fs/quota/netlink.o
  CC      arch/x86/realmode/rm/video-vesa.o
  CC      arch/x86/realmode/rm/video-bios.o
  PASYMS  arch/x86/realmode/rm/pasyms.h
  LDS     arch/x86/realmode/rm/realmode.lds
  LD      arch/x86/realmode/rm/realmode.elf
  RELOCS  arch/x86/realmode/rm/realmode.relocs
  OBJCOPY arch/x86/realmode/rm/realmode.bin
  AS      arch/x86/realmode/rmpiggy.o
  AR      arch/x86/realmode/built-in.a
  CC      arch/x86/kernel/fpu/init.o
  CC      kernel/irq/pm.o
  AR      fs/quota/built-in.a
  CC      fs/proc/task_mmu.o
  CC      arch/x86/kernel/fpu/bugs.o
  CC      arch/x86/kernel/fpu/core.o
  CC      mm/backing-dev.o
  CC      kernel/irq/msi.o
  CC      arch/x86/kernel/fpu/regset.o
  CC      mm/mm_init.o
  CC      kernel/irq/affinity.o
  CC      fs/proc/inode.o
  CC      arch/x86/kernel/fpu/signal.o
  CC      kernel/irq/matrix.o
  CC      fs/proc/root.o
  CC      arch/x86/kernel/fpu/xstate.o
  CC      mm/percpu.o
  AR      kernel/irq/built-in.a
  CC      kernel/rcu/update.o
  CC      fs/proc/base.o
  AR      arch/x86/kernel/fpu/built-in.a
  CC      arch/x86/kernel/cpu/mce/core.o
  CC      mm/slab_common.o
  CC      fs/proc/generic.o
  CC      kernel/rcu/sync.o
  CC      arch/x86/kernel/cpu/mce/severity.o
  CC      fs/proc/array.o
  CC      kernel/rcu/srcutree.o
  CC      mm/compaction.o
  CC      arch/x86/kernel/cpu/mce/genpool.o
  CC      fs/proc/fd.o
  CC      kernel/rcu/tree.o
  CC      arch/x86/kernel/cpu/mce/intel.o
  CC      fs/proc/proc_tty.o
  CC      arch/x86/kernel/cpu/mce/amd.o
  CC      fs/proc/cmdline.o
  CC      mm/show_mem.o
  CC      fs/proc/consoles.o
  CC      fs/proc/cpuinfo.o
  CC      arch/x86/kernel/cpu/mce/threshold.o
  CC      mm/interval_tree.o
  CC      fs/proc/devices.o
  AR      arch/x86/kernel/cpu/mce/built-in.a
  CC      arch/x86/kernel/cpu/mtrr/mtrr.o
  CC      mm/list_lru.o
  CC      kernel/rcu/rcu_segcblist.o
  CC      fs/proc/interrupts.o
  CC      fs/proc/loadavg.o
  AR      kernel/rcu/built-in.a
  CC      arch/x86/kernel/cpu/mtrr/if.o
  AR      kernel/livepatch/built-in.a
  CC      kernel/dma/mapping.o
  CC      mm/workingset.o
  CC      fs/proc/meminfo.o
  CC      arch/x86/kernel/cpu/mtrr/generic.o
  CC      mm/debug.o
  CC      fs/proc/stat.o
  CC      arch/x86/kernel/cpu/mtrr/cleanup.o
  CC      mm/gup.o
  CC      fs/proc/uptime.o
  CC      kernel/dma/direct.o
  AR      arch/x86/kernel/cpu/mtrr/built-in.a
  CC      arch/x86/kernel/cpu/microcode/core.o
  CC      fs/proc/util.o
  CC      fs/proc/version.o
  CC      arch/x86/kernel/cpu/microcode/intel.o
  CC      kernel/dma/ops_helpers.o
  CC      fs/proc/softirqs.o
  CC      kernel/dma/swiotlb.o
  CC      arch/x86/kernel/cpu/microcode/amd.o
  CC      mm/mmap_lock.o
  CC      fs/proc/namespaces.o
  CC      fs/proc/self.o
  AR      arch/x86/kernel/cpu/microcode/built-in.a
  CC      arch/x86/kernel/cpu/cacheinfo.o
  CC      kernel/dma/remap.o
  CC      mm/highmem.o
  CC      fs/proc/thread_self.o
  AR      kernel/dma/built-in.a
  CC      kernel/entry/common.o
  CC      mm/memory.o
  CC      arch/x86/kernel/cpu/scattered.o
  CC      fs/proc/proc_sysctl.o
  CC      arch/x86/kernel/cpu/topology_common.o
  CC      kernel/entry/syscall_user_dispatch.o
  AR      kernel/entry/built-in.a
  CC      kernel/module/main.o
  CC      arch/x86/kernel/cpu/topology_ext.o
  CC      fs/proc/proc_net.o
  CC      arch/x86/kernel/cpu/topology_amd.o
  CC      fs/proc/kcore.o
  CC      arch/x86/kernel/cpu/common.o
  CC      kernel/module/strict_rwx.o
  CC      fs/proc/vmcore.o
  CC      kernel/module/kmod.o
  CC      mm/mincore.o
  CC      arch/x86/kernel/cpu/rdrand.o
  CC      arch/x86/kernel/cpu/match.o
  CC      fs/proc/kmsg.o
  CC      arch/x86/kernel/cpu/bugs.o
  CC      fs/proc/page.o
  CC      kernel/module/tree_lookup.o
  CC      mm/mlock.o
  CC      kernel/module/kallsyms.o
  AR      fs/proc/built-in.a
  CC      fs/kernfs/mount.o
  CC      kernel/module/procfs.o
  CC      mm/mmap.o
  CC      fs/kernfs/inode.o
  CC      arch/x86/kernel/cpu/aperfmperf.o
  CC      kernel/module/sysfs.o
  CC      fs/kernfs/dir.o
  CC      arch/x86/kernel/cpu/cpuid-deps.o
  AR      kernel/module/built-in.a
  CC      kernel/time/time.o
  CC      arch/x86/kernel/cpu/umwait.o
  CC      mm/mmu_gather.o
  CC      fs/kernfs/file.o
  MKCAP   arch/x86/kernel/cpu/capflags.c
  CC      kernel/time/timer.o
  CC      mm/mprotect.o
  CC      fs/kernfs/symlink.o
  CC      mm/mremap.o
  AR      fs/kernfs/built-in.a
  CC      fs/sysfs/file.o
  CC      kernel/time/hrtimer.o
  CC      fs/sysfs/dir.o
  CC      mm/msync.o
  CC      fs/sysfs/symlink.o
  CC      kernel/time/timekeeping.o
  CC      fs/sysfs/mount.o
  CC      mm/page_vma_mapped.o
  CC      kernel/time/ntp.o
  CC      fs/sysfs/group.o
  CC      mm/pagewalk.o
  AR      fs/sysfs/built-in.a
  CC      fs/devpts/inode.o
  CC      kernel/time/clocksource.o
  CC      mm/pgtable-generic.o
  AR      fs/devpts/built-in.a
  CC      fs/netfs/buffered_read.o
  CC      kernel/time/jiffies.o
  CC      mm/rmap.o
  CC      kernel/time/timer_list.o
  CC      fs/netfs/buffered_write.o
  CC      kernel/time/timeconv.o
  CC      kernel/time/timecounter.o
  CC      mm/vmalloc.o
  CC      kernel/time/alarmtimer.o
  CC      fs/netfs/direct_read.o
  CC      arch/x86/kernel/cpu/powerflags.o
  CC      arch/x86/kernel/cpu/topology.o
  CC      fs/netfs/direct_write.o
  CC      arch/x86/kernel/cpu/proc.o
  CC      kernel/time/posix-timers.o
  CC      arch/x86/kernel/cpu/feat_ctl.o
  CC      fs/netfs/iterator.o
  CC      arch/x86/kernel/cpu/intel.o
  CC      kernel/time/posix-cpu-timers.o
  CC      fs/netfs/locking.o
  CC      mm/vma.o
  CC      kernel/time/posix-clock.o
  CC      fs/netfs/main.o
  CC      arch/x86/kernel/cpu/tsx.o
  CC      arch/x86/kernel/cpu/intel_epb.o
  CC      kernel/time/itimer.o
  CC      mm/process_vm_access.o
  CC      arch/x86/kernel/cpu/amd.o
  CC      fs/netfs/misc.o
  CC      kernel/time/clockevents.o
  CC      mm/mseal.o
  CC      fs/netfs/objects.o
  CC      arch/x86/kernel/cpu/hygon.o
  CC      kernel/time/tick-common.o
  CC      mm/page_alloc.o
  CC      arch/x86/kernel/cpu/centaur.o
  CC      fs/netfs/read_collect.o
  CC      kernel/time/tick-broadcast.o
  CC      arch/x86/kernel/cpu/zhaoxin.o
  CC      arch/x86/kernel/cpu/perfctr-watchdog.o
  CC      fs/netfs/read_pgpriv2.o
  CC      kernel/time/tick-broadcast-hrtimer.o
  CC      arch/x86/kernel/cpu/vmware.o
  CC      kernel/time/tick-oneshot.o
  CC      fs/netfs/read_retry.o
  CC      arch/x86/kernel/cpu/hypervisor.o
  CC      kernel/time/tick-sched.o
  CC      arch/x86/kernel/cpu/mshyperv.o
  CC      mm/init-mm.o
  CC      fs/netfs/write_collect.o
  CC      kernel/time/timer_migration.o
  CC      mm/memblock.o
  CC      arch/x86/kernel/cpu/debugfs.o
  CC      fs/netfs/write_issue.o
  CC      arch/x86/kernel/cpu/capflags.o
  AR      arch/x86/kernel/cpu/built-in.a
  CC      arch/x86/kernel/acpi/boot.o
  CC      kernel/time/vsyscall.o
  CC      mm/slub.o
  AR      fs/netfs/built-in.a
  CC      fs/ext4/balloc.o
  CC      kernel/time/timekeeping_debug.o
  CC      arch/x86/kernel/acpi/sleep.o
  CC      kernel/time/namespace.o
  AS      arch/x86/kernel/acpi/wakeup_64.o
  CC      arch/x86/kernel/acpi/cppc.o
  AR      kernel/time/built-in.a
  CC      kernel/futex/core.o
  CC      fs/ext4/bitmap.o
  CC      arch/x86/kernel/acpi/madt_wakeup.o
  CC      fs/ext4/block_validity.o
  AS      arch/x86/kernel/acpi/madt_playdead.o
  CC      arch/x86/kernel/acpi/cstate.o
  CC      kernel/futex/syscalls.o
  AR      arch/x86/kernel/acpi/built-in.a
  CC      arch/x86/kernel/apic/apic.o
  CC      mm/madvise.o
  CC      fs/ext4/dir.o
  CC      kernel/futex/pi.o
  CC      fs/ext4/ext4_jbd2.o
  CC      kernel/futex/requeue.o
  CC      mm/page_io.o
  CC      arch/x86/kernel/apic/apic_common.o
  CC      kernel/futex/waitwake.o
  CC      arch/x86/kernel/apic/apic_noop.o
  CC      fs/ext4/extents.o
  CC      mm/swap_state.o
  CC      arch/x86/kernel/apic/ipi.o
  AR      kernel/futex/built-in.a
  CC      kernel/cgroup/cgroup.o
  CC      arch/x86/kernel/apic/vector.o
  CC      mm/swapfile.o
  CC      arch/x86/kernel/apic/init.o
  CC      arch/x86/kernel/apic/hw_nmi.o
  CC      fs/ext4/extents_status.o
  CC      arch/x86/kernel/apic/io_apic.o
  CC      mm/swap_slots.o
  CC      kernel/cgroup/rstat.o
  CC      mm/dmapool.o
  CC      arch/x86/kernel/apic/msi.o
  CC      kernel/cgroup/namespace.o
  CC      mm/hugetlb.o
  CC      fs/ext4/file.o
  CC      arch/x86/kernel/apic/apic_flat_64.o
  CC      kernel/cgroup/cgroup-v1.o
  CC      fs/ext4/fsmap.o
  CC      arch/x86/kernel/apic/probe_64.o
  AR      arch/x86/kernel/apic/built-in.a
  CC      arch/x86/kernel/kprobes/core.o
  CC      kernel/cgroup/freezer.o
  CC      fs/ext4/fsync.o
  CC      kernel/cgroup/legacy_freezer.o
  CC      arch/x86/kernel/kprobes/opt.o
  CC      kernel/cgroup/pids.o
  AR      arch/x86/kernel/kprobes/built-in.a
  LDS     arch/x86/kernel/vmlinux.lds
  AS      arch/x86/kernel/head_64.o
  CC      arch/x86/kernel/head64.o
  CC      fs/ext4/hash.o
  CC      mm/hugetlb_vmemmap.o
  CC      kernel/cgroup/rdma.o
  CC      arch/x86/kernel/ebda.o
  CC      fs/ext4/ialloc.o
  CC      kernel/cgroup/cpuset.o
  CC      mm/mempolicy.o
  CC      arch/x86/kernel/platform-quirks.o
  CC      arch/x86/kernel/process_64.o
  CC      fs/ext4/indirect.o
  CC      arch/x86/kernel/signal.o
  CC      mm/sparse.o
  CC      kernel/cgroup/misc.o
  CC      kernel/cgroup/debug.o
  CC      mm/sparse-vmemmap.o
  CC      arch/x86/kernel/signal_64.o
  AR      kernel/cgroup/built-in.a
  CC      kernel/trace/trace_clock.o
  CC      fs/ext4/inline.o
  CC      arch/x86/kernel/traps.o
  CC      mm/mmu_notifier.o
  CC      kernel/trace/ring_buffer.o
  CC      mm/migrate.o
  CC      arch/x86/kernel/idt.o
  CC      fs/ext4/inode.o
  CC      arch/x86/kernel/irq.o
  CC      mm/memory-tiers.o
  CC      kernel/trace/trace.o
  CC      arch/x86/kernel/irq_64.o
  CC      mm/page_counter.o
  CC      mm/hugetlb_cgroup.o
  CC      arch/x86/kernel/dumpstack_64.o
  CC      mm/early_ioremap.o
  CC      arch/x86/kernel/time.o
  CC      fs/ext4/ioctl.o
  CC      arch/x86/kernel/ioport.o
  CC      mm/numa.o
  CC      arch/x86/kernel/dumpstack.o
  CC      mm/numa_memblks.o
  CC      kernel/trace/trace_output.o
  CC      fs/ext4/mballoc.o
  CC      mm/secretmem.o
  CC      arch/x86/kernel/nmi.o
  CC      mm/memfd.o
  CC      kernel/trace/trace_seq.o
  CC      arch/x86/kernel/ldt.o
  CC      kernel/trace/trace_stat.o
  CC      mm/ptdump.o
  AS      arch/x86/kernel/ibt_selftest.o
  CC      arch/x86/kernel/setup.o
  CC      kernel/trace/trace_printk.o
  CC      mm/execmem.o
  CC      arch/x86/kernel/x86_init.o
  CC      kernel/trace/pid_list.o
  AR      mm/built-in.a
  CC      ipc/compat.o
  CC      fs/ext4/migrate.o
  CC      arch/x86/kernel/i8259.o
  CC      kernel/trace/trace_sched_switch.o
  CC      ipc/util.o
  CC      fs/ext4/mmp.o
  CC      arch/x86/kernel/irqinit.o
  CC      kernel/trace/trace_nop.o
  CC      ipc/msgutil.o
  CC      fs/ext4/move_extent.o
  CC      arch/x86/kernel/jump_label.o
  CC      kernel/trace/blktrace.o
  CC      ipc/msg.o
  CC      arch/x86/kernel/irq_work.o
  CC      fs/ext4/namei.o
  CC      ipc/sem.o
  CC      arch/x86/kernel/probe_roms.o
  CC      kernel/trace/trace_events.o
  CC      arch/x86/kernel/sys_ia32.o
  CC      ipc/shm.o
  CC      arch/x86/kernel/signal_32.o
  CC      fs/ext4/page-io.o
  CC      kernel/trace/trace_export.o
  CC      arch/x86/kernel/sys_x86_64.o
  CC      fs/ext4/readpage.o
  CC      kernel/trace/trace_event_perf.o
  CC      ipc/syscall.o
  CC      arch/x86/kernel/espfix_64.o
  CC      fs/ext4/resize.o
  CC      ipc/ipc_sysctl.o
  CC      kernel/trace/trace_events_filter.o
  CC      arch/x86/kernel/ksysfs.o
  CC      ipc/mqueue.o
  CC      arch/x86/kernel/bootflag.o
  CC      kernel/trace/trace_events_trigger.o
  CC      fs/ext4/super.o
  CC      arch/x86/kernel/e820.o
  CC      ipc/namespace.o
  CC      kernel/trace/trace_eprobe.o
  CC      ipc/mq_sysctl.o
  CC      arch/x86/kernel/pci-dma.o
  AR      ipc/built-in.a
  CC      security/keys/gc.o
  CC      arch/x86/kernel/quirks.o
  CC      kernel/trace/trace_kprobe.o
  CC      security/keys/key.o
  CC      arch/x86/kernel/kdebugfs.o
  CC      security/keys/keyring.o
  CC      arch/x86/kernel/alternative.o
  CC      kernel/trace/error_report-traces.o
  CC      security/keys/keyctl.o
  CC      kernel/trace/power-traces.o
  CC      arch/x86/kernel/i8253.o
  CC      arch/x86/kernel/hw_breakpoint.o
  CC      security/keys/permission.o
  CC      kernel/trace/rpm-traces.o
  CC      arch/x86/kernel/tsc.o
  CC      security/keys/process_keys.o
  CC      fs/ext4/symlink.o
  CC      kernel/trace/trace_dynevent.o
  CC      arch/x86/kernel/tsc_msr.o
  CC      security/keys/request_key.o
  CC      fs/ext4/sysfs.o
  CC      arch/x86/kernel/io_delay.o
  CC      kernel/trace/trace_probe.o
  CC      arch/x86/kernel/rtc.o
  CC      fs/ext4/xattr.o
  CC      security/keys/request_key_auth.o
  CC      arch/x86/kernel/resource.o
  AS      arch/x86/kernel/irqflags.o
  CC      arch/x86/kernel/static_call.o
  CC      security/keys/user_defined.o
  CC      kernel/trace/trace_uprobe.o
  CC      arch/x86/kernel/process.o
  CC      security/keys/compat.o
  CC      fs/ext4/xattr_hurd.o
  CC      security/keys/proc.o
  CC      fs/ext4/xattr_trusted.o
  CC      kernel/trace/rethook.o
  CC      arch/x86/kernel/ptrace.o
  CC      security/keys/sysctl.o
  CC      fs/ext4/xattr_user.o
  AR      kernel/trace/built-in.a
  CC      kernel/bpf/core.o
  CC      security/keys/keyctl_pkey.o
  CC      arch/x86/kernel/tls.o
  CC      fs/ext4/fast_commit.o
  AR      security/keys/built-in.a
  GEN     security/selinux/flask.h security/selinux/av_permissions.h
  CC      security/selinux/avc.o
  CC      arch/x86/kernel/step.o
  CC      arch/x86/kernel/i8237.o
  AR      kernel/bpf/built-in.a
  CC      kernel/events/core.o
  CC      arch/x86/kernel/stacktrace.o
  CC      fs/ext4/orphan.o
  CC      security/selinux/hooks.o
  CC      arch/x86/kernel/reboot.o
  CC      fs/ext4/acl.o
  CC      arch/x86/kernel/msr.o
  CC      fs/ext4/xattr_security.o
  CC      arch/x86/kernel/cpuid.o
  AR      fs/ext4/built-in.a
  CC      fs/jbd2/transaction.o
  CC      arch/x86/kernel/early-quirks.o
  CC      security/selinux/selinuxfs.o
  CC      arch/x86/kernel/smp.o
  CC      fs/jbd2/commit.o
  CC      arch/x86/kernel/smpboot.o
  CC      fs/jbd2/recovery.o
  CC      security/selinux/netlink.o
  CC      kernel/events/ring_buffer.o
  CC      arch/x86/kernel/tsc_sync.o
  CC      security/selinux/nlmsgtab.o
  CC      fs/jbd2/checkpoint.o
  CC      kernel/events/callchain.o
  CC      arch/x86/kernel/setup_percpu.o
  CC      security/selinux/netif.o
  CC      arch/x86/kernel/mpparse.o
  CC      fs/jbd2/revoke.o
  CC      kernel/events/hw_breakpoint.o
  CC      fs/jbd2/journal.o
  CC      arch/x86/kernel/trace_clock.o
  CC      arch/x86/kernel/trace.o
  CC      kernel/events/uprobes.o
  CC      security/selinux/netnode.o
  CC      arch/x86/kernel/rethook.o
  CC      arch/x86/kernel/vmcore_info_64.o
  CC      security/selinux/netport.o
  AR      kernel/events/built-in.a
  CC      kernel/fork.o
  CC      arch/x86/kernel/machine_kexec_64.o
  AR      fs/jbd2/built-in.a
  CC      fs/ramfs/inode.o
  CC      security/selinux/status.o
  AS      arch/x86/kernel/relocate_kernel_64.o
  CC      arch/x86/kernel/crash_dump_64.o
  CC      fs/ramfs/file-mmu.o
  CC      arch/x86/kernel/crash.o
  CC      security/selinux/ss/ebitmap.o
  AR      fs/ramfs/built-in.a
  CC      fs/hugetlbfs/inode.o
  CC      kernel/exec_domain.o
  CC      arch/x86/kernel/module.o
  CC      arch/x86/kernel/early_printk.o
  CC      kernel/panic.o
  CC      security/selinux/ss/hashtab.o
  AR      fs/hugetlbfs/built-in.a
  CC      fs/fat/cache.o
  CC      security/selinux/ss/symtab.o
  CC      arch/x86/kernel/hpet.o
  CC      security/selinux/ss/sidtab.o
  CC      kernel/cpu.o
  CC      fs/fat/dir.o
  CC      arch/x86/kernel/amd_nb.o
  CC      security/selinux/ss/avtab.o
  CC      arch/x86/kernel/kvm.o
  CC      fs/fat/fatent.o
  CC      kernel/exit.o
  CC      security/selinux/ss/policydb.o
  CC      arch/x86/kernel/kvmclock.o
  CC      fs/fat/file.o
  CC      arch/x86/kernel/paravirt.o
  CC      kernel/softirq.o
  CC      fs/fat/inode.o
  CC      arch/x86/kernel/pvclock.o
  CC      arch/x86/kernel/pcspeaker.o
  CC      security/selinux/ss/services.o
  CC      kernel/resource.o
  CC      fs/fat/misc.o
  CC      arch/x86/kernel/check.o
  CC      arch/x86/kernel/uprobes.o
  CC      fs/fat/nfs.o
  CC      kernel/sysctl.o
  CC      fs/fat/namei_vfat.o
  CC      arch/x86/kernel/perf_regs.o
  CC      security/selinux/ss/conditional.o
  CC      arch/x86/kernel/tracepoint.o
  CC      fs/fat/namei_msdos.o
  CC      kernel/capability.o
  CC      arch/x86/kernel/itmt.o
  CC      security/selinux/ss/mls.o
  CC      arch/x86/kernel/umip.o
  CC      kernel/ptrace.o
  AR      fs/fat/built-in.a
  CC      fs/isofs/namei.o
  CC      security/selinux/ss/context.o
  CC      arch/x86/kernel/unwind_orc.o
  CC      fs/isofs/inode.o
  CC      kernel/user.o
  CC      arch/x86/kernel/callthunks.o
  CC      security/selinux/netlabel.o
  CC      kernel/signal.o
  CC      fs/isofs/dir.o
  CC      arch/x86/kernel/cet.o
  CC      fs/isofs/util.o
  AR      security/selinux/built-in.a
  CC      security/integrity/iint.o
  CC      arch/x86/kernel/audit_64.o
  CC      fs/isofs/rock.o
  CC      security/integrity/integrity_audit.o
  CC      arch/x86/kernel/mmconf-fam10h_64.o
  CC      kernel/sys.o
  CC      fs/isofs/export.o
  CC      security/integrity/efi_secureboot.o
  CC      arch/x86/kernel/vsmp_64.o
  CC      fs/isofs/joliet.o
  AR      arch/x86/kernel/built-in.a
  AR      security/integrity/built-in.a
  CC      arch/x86/mm/pat/set_memory.o
  CC      security/commoncap.o
  CC      fs/isofs/compress.o
  CC      kernel/umh.o
  CC      security/lsm_syscalls.o
  AR      fs/isofs/built-in.a
  CC      fs/nfs/client.o
  CC      arch/x86/mm/pat/memtype.o
  CC      kernel/workqueue.o
  CC      security/min_addr.o
  CC      arch/x86/mm/pat/memtype_interval.o
  CC      security/security.o
  AR      arch/x86/mm/pat/built-in.a
  CC      fs/nfs/dir.o
  CC      arch/x86/mm/init.o
  CC      arch/x86/mm/init_64.o
  CC      kernel/pid.o
  CC      security/lsm_audit.o
  CC      arch/x86/mm/fault.o
  CC      fs/nfs/file.o
  CC      kernel/task_work.o
  CC      security/device_cgroup.o
  CC      kernel/extable.o
  CC      arch/x86/mm/ioremap.o
  AR      security/built-in.a
  CC      fs/exportfs/expfs.o
  CC      fs/nfs/getroot.o
  CC      kernel/params.o
  CC      arch/x86/mm/extable.o
  AR      fs/exportfs/built-in.a
  CC      fs/lockd/clntlock.o
  CC      fs/nfs/inode.o
  CC      kernel/kthread.o
  CC      arch/x86/mm/mmap.o
  CC      fs/lockd/clntproc.o
  CC      arch/x86/mm/pgtable.o
  CC      kernel/sys_ni.o
  CC      arch/x86/mm/physaddr.o
  CC      kernel/nsproxy.o
  CC      fs/nfs/super.o
  CC      fs/lockd/clntxdr.o
  CC      arch/x86/mm/tlb.o
  CC      kernel/notifier.o
  CC      fs/lockd/host.o
  CC      arch/x86/mm/cpu_entry_area.o
  CC      fs/nfs/io.o
  CC      kernel/ksysfs.o
  CC      arch/x86/mm/maccess.o
  CC      arch/x86/mm/pgprot.o
  CC      fs/lockd/svc.o
  CC      fs/nfs/direct.o
  CC      kernel/cred.o
  CC      arch/x86/mm/hugetlbpage.o
  CC      kernel/reboot.o
  CC      fs/lockd/svclock.o
  CC      arch/x86/mm/dump_pagetables.o
  CC      fs/nfs/pagelist.o
  CC      arch/x86/mm/numa.o
  CC      kernel/async.o
  CC      fs/lockd/svcshare.o
  CC      kernel/range.o
  CC      kernel/smpboot.o
  CC      arch/x86/mm/numa_64.o
  CC      arch/x86/mm/amdtopology.o
  CC      fs/lockd/svcproc.o
  CC      kernel/ucount.o
  CC      fs/nfs/read.o
  CC      kernel/regset.o
  CC      arch/x86/mm/srat.o
  CC      kernel/ksyms_common.o
  CC      fs/lockd/svcsubs.o
  CC      arch/x86/mm/pkeys.o
  CC      kernel/groups.o
  CC      fs/nfs/symlink.o
  CC      arch/x86/mm/kaslr.o
  CC      fs/lockd/mon.o
  CC      kernel/kcmp.o
  CC      arch/x86/mm/pti.o
  CC      fs/nfs/unlink.o
  CC      kernel/freezer.o
  CC      fs/lockd/trace.o
  AR      arch/x86/mm/built-in.a
  AR      arch/x86/crypto/built-in.a
  CC      arch/x86/ia32/audit.o
  AR      arch/x86/ia32/built-in.a
  AR      arch/x86/platform/atom/built-in.a
  AR      arch/x86/platform/ce4100/built-in.a
  CC      arch/x86/platform/efi/memmap.o
  CC      kernel/profile.o
  CC      fs/lockd/xdr.o
  CC      arch/x86/platform/efi/quirks.o
  CC      fs/nfs/write.o
  CC      kernel/stacktrace.o
  CC      kernel/dma.o
  CC      arch/x86/platform/efi/efi.o
  CC      fs/lockd/clnt4xdr.o
  CC      kernel/smp.o
  CC      arch/x86/platform/efi/efi_64.o
  CC      fs/nfs/namespace.o
  CC      fs/lockd/xdr4.o
  CC      kernel/uid16.o
  AS      arch/x86/platform/efi/efi_stub_64.o
  AS      arch/x86/platform/efi/efi_thunk_64.o
  CC      arch/x86/platform/efi/runtime-map.o
  CC      kernel/kallsyms.o
  CC      fs/lockd/svc4proc.o
  CC      fs/nfs/mount_clnt.o
  AR      arch/x86/platform/efi/built-in.a
  AR      arch/x86/platform/geode/built-in.a
  AR      arch/x86/platform/iris/built-in.a
  CC      arch/x86/platform/intel/iosf_mbi.o
  CC      fs/nfs/nfstrace.o
  CC      kernel/acct.o
  CC      fs/lockd/procfs.o
  AR      arch/x86/platform/intel/built-in.a
  AR      arch/x86/platform/intel-mid/built-in.a
  AR      arch/x86/platform/intel-quark/built-in.a
  AR      arch/x86/platform/olpc/built-in.a
  AR      arch/x86/platform/scx200/built-in.a
  AR      arch/x86/platform/ts5500/built-in.a
  AR      arch/x86/platform/uv/built-in.a
  AR      arch/x86/platform/built-in.a
  AR      arch/x86/net/built-in.a
  AR      arch/x86/virt/svm/built-in.a
  AR      arch/x86/virt/vmx/built-in.a
  AR      arch/x86/virt/built-in.a
  AR      arch/x86/built-in.a
  AR      fs/lockd/built-in.a
  CC      crypto/asymmetric_keys/asymmetric_type.o
  CC      crypto/api.o
  CC      kernel/vmcore_info.o
  CC      crypto/asymmetric_keys/restrict.o
  CC      fs/nfs/export.o
  CC      kernel/elfcorehdr.o
  CC      crypto/asymmetric_keys/signature.o
  CC      kernel/crash_reserve.o
  CC      crypto/asymmetric_keys/public_key.o
  CC      fs/nls/nls_base.o
  CC      kernel/kexec_core.o
  CC      fs/nls/nls_cp437.o
  ASN.1   crypto/asymmetric_keys/x509.asn1.[ch]
  ASN.1   crypto/asymmetric_keys/x509_akid.asn1.[ch]
  CC      crypto/asymmetric_keys/x509_loader.o
  CC      fs/nfs/sysfs.o
  CC      crypto/asymmetric_keys/x509_public_key.o
  CC      fs/nls/nls_ascii.o
  CC      kernel/crash_core.o
  ASN.1   crypto/asymmetric_keys/pkcs7.asn1.[ch]
  CC      crypto/asymmetric_keys/pkcs7_trust.o
  CC      fs/nls/nls_iso8859-1.o
  CC      fs/nfs/fs_context.o
  CC      crypto/asymmetric_keys/pkcs7_verify.o
  CC      kernel/kexec.o
  CC      fs/nls/nls_utf8.o
  CC      crypto/asymmetric_keys/x509.asn1.o
  CC      crypto/asymmetric_keys/x509_akid.asn1.o
  CC      crypto/asymmetric_keys/x509_cert_parser.o
  AR      fs/nls/built-in.a
  AR      fs/unicode/built-in.a
  CC      fs/nfs/nfsroot.o
  CC      crypto/asymmetric_keys/pkcs7.asn1.o
  CC      crypto/asymmetric_keys/pkcs7_parser.o
  CC      kernel/compat.o
  AR      crypto/asymmetric_keys/built-in.a
  CC      crypto/cipher.o
  CC      block/partitions/core.o
  CC      kernel/utsname.o
  CC      fs/nfs/sysctl.o
  CC      crypto/compress.o
  CC      kernel/pid_namespace.o
  CC      block/partitions/msdos.o
  CC      crypto/algapi.o
  CC      fs/nfs/nfs3super.o
  CC      kernel/stop_machine.o
  CC      block/partitions/efi.o
  CC      kernel/audit.o
  CC      fs/nfs/nfs3client.o
  CC      crypto/scatterwalk.o
  AR      block/partitions/built-in.a
  CC      block/bdev.o
  CC      crypto/proc.o
  CC      fs/nfs/nfs3proc.o
  CC      crypto/aead.o
  CC      block/fops.o
  CC      kernel/auditfilter.o
  CC      block/bio.o
  CC      crypto/geniv.o
  CC      fs/nfs/nfs3xdr.o
  CC      kernel/auditsc.o
  CC      crypto/lskcipher.o
  CC      block/elevator.o
  CC      crypto/skcipher.o
  CC      fs/nfs/nfs3acl.o
  CC      kernel/audit_watch.o
  CC      block/blk-core.o
  CC      crypto/seqiv.o
  CC      fs/nfs/nfs4proc.o
  CC      kernel/audit_fsnotify.o
  CC      crypto/echainiv.o
  CC      crypto/ahash.o
  CC      block/blk-sysfs.o
  CC      kernel/audit_tree.o
  CC      crypto/shash.o
  CC      block/blk-flush.o
  CC      kernel/kprobes.o
  CC      crypto/akcipher.o
  CC      block/blk-settings.o
  CC      crypto/sig.o
  CC      kernel/seccomp.o
  CC      fs/nfs/nfs4xdr.o
  CC      block/blk-ioc.o
  CC      crypto/kpp.o
  CC      block/blk-map.o
  ASN.1   crypto/rsapubkey.asn1.[ch]
  ASN.1   crypto/rsaprivkey.asn1.[ch]
  CC      crypto/rsa.o
  CC      kernel/relay.o
  CC      block/blk-merge.o
  CC      crypto/rsa_helper.o
  CC      crypto/rsa-pkcs1pad.o
  CC      kernel/utsname_sysctl.o
  CC      kernel/delayacct.o
  CC      crypto/acompress.o
  CC      fs/nfs/nfs4state.o
  CC      block/blk-timeout.o
  CC      kernel/taskstats.o
  CC      block/blk-lib.o
  CC      crypto/scompress.o
  CC      kernel/tsacct.o
  CC      block/blk-mq.o
  CC      kernel/tracepoint.o
  CC      crypto/algboss.o
  CC      fs/nfs/nfs4renewd.o
  CC      kernel/irq_work.o
  CC      crypto/testmgr.o
  CC      kernel/static_call.o
  CC      fs/nfs/nfs4super.o
  CC      crypto/cmac.o
  CC      kernel/static_call_inline.o
  CC      crypto/hmac.o
  CC      fs/nfs/nfs4file.o
  CC      kernel/padata.o
  CC      block/blk-mq-tag.o
  CC      crypto/crypto_null.o
  CC      kernel/jump_label.o
  CC      crypto/md5.o
  CC      block/blk-stat.o
  CC      fs/nfs/delegation.o
  CC      crypto/sha256_generic.o
  CC      kernel/context_tracking.o
  CC      block/blk-mq-sysfs.o
  CC      crypto/sha512_generic.o
  CC      kernel/iomem.o
  CC      block/blk-mq-cpumap.o
  CC      crypto/sha3_generic.o
  CC      fs/nfs/nfs4idmap.o
  CC      kernel/rseq.o
  CC      block/blk-mq-sched.o
  CC      crypto/ecb.o
  CC      crypto/cbc.o
  AR      kernel/built-in.a
  CC      io_uring/io_uring.o
  CC      block/ioctl.o
  CC      crypto/ctr.o
  CC      fs/nfs/callback.o
  CC      block/genhd.o
  CC      crypto/gcm.o
  CC      fs/nfs/callback_xdr.o
  CC      block/ioprio.o
  CC      crypto/ccm.o
  CC      block/badblocks.o
  CC      crypto/aes_generic.o
  CC      fs/nfs/callback_proc.o
  CC      io_uring/opdef.o
  CC      crypto/crc32c_generic.o
  CC      block/blk-rq-qos.o
  CC      io_uring/kbuf.o
  CC      fs/nfs/nfs4namespace.o
  CC      crypto/authenc.o
  CC      block/disk-events.o
  CC      io_uring/rsrc.o
  CC      crypto/authencesn.o
  CC      fs/nfs/nfs4getroot.o
  CC      block/blk-ia-ranges.o
  CC      block/early-lookup.o
  CC      crypto/lzo.o
  CC      fs/nfs/nfs4client.o
  CC      io_uring/notif.o
  CC      block/bsg.o
  CC      crypto/lzo-rle.o
  CC      block/blk-cgroup.o
  CC      crypto/rng.o
  CC      io_uring/tctx.o
  CC      fs/nfs/nfs4session.o
  CC      crypto/drbg.o
  CC      io_uring/filetable.o
  CC      block/blk-ioprio.o
  CC      fs/nfs/dns_resolve.o
  CC      crypto/jitterentropy.o
  CC      crypto/jitterentropy-kcapi.o
  CC      io_uring/rw.o
  CC      block/blk-iolatency.o
  CC      crypto/ghash-generic.o
  CC      fs/nfs/nfs4trace.o
  CC      crypto/hash_info.o
  CC      crypto/rsapubkey.asn1.o
  CC      crypto/rsaprivkey.asn1.o
  AR      crypto/built-in.a
  CC      lib/math/div64.o
  CC      io_uring/net.o
  CC      lib/math/gcd.o
  CC      block/blk-iocost.o
  CC      lib/math/lcm.o
  CC      lib/math/int_log.o
  CC      lib/math/int_pow.o
  CC      lib/math/int_sqrt.o
  CC      lib/math/reciprocal_div.o
  CC      lib/math/rational.o
  AR      lib/math/built-in.a
  CC      lib/crypto/mpi/generic_mpih-lshift.o
  CC      lib/crypto/mpi/generic_mpih-mul1.o
  CC      io_uring/poll.o
  CC      block/mq-deadline.o
  CC      fs/nfs/nfs4sysctl.o
  CC      lib/crypto/mpi/generic_mpih-mul2.o
  CC      lib/crypto/mpi/generic_mpih-mul3.o
  AR      fs/nfs/built-in.a
  CC      fs/autofs/init.o
  CC      block/kyber-iosched.o
  CC      lib/crypto/mpi/generic_mpih-rshift.o
  CC      io_uring/eventfd.o
  CC      fs/autofs/inode.o
  CC      lib/crypto/mpi/generic_mpih-sub1.o
  CC      io_uring/uring_cmd.o
  CC      lib/crypto/mpi/generic_mpih-add1.o
  CC      fs/autofs/root.o
  CC      block/blk-mq-pci.o
  CC      io_uring/openclose.o
  CC      lib/crypto/mpi/mpicoder.o
  CC      block/blk-mq-virtio.o
  CC      fs/autofs/symlink.o
  CC      lib/crypto/mpi/mpi-add.o
  CC      block/blk-mq-debugfs.o
  CC      io_uring/sqpoll.o
  CC      fs/autofs/waitq.o
  CC      lib/crypto/mpi/mpi-bit.o
  CC      block/blk-pm.o
  CC      fs/autofs/expire.o
  CC      lib/crypto/mpi/mpi-cmp.o
  CC      block/holder.o
  CC      io_uring/xattr.o
  CC      lib/crypto/mpi/mpi-sub-ui.o
  CC      fs/autofs/dev-ioctl.o
  AR      block/built-in.a
  CC      io_uring/nop.o
  CC      lib/crypto/mpi/mpi-div.o
  CC      lib/crypto/mpi/mpi-mod.o
  AR      fs/autofs/built-in.a
  CC      fs/9p/vfs_super.o
  CC      io_uring/fs.o
  CC      lib/crypto/mpi/mpi-mul.o
  CC      lib/crypto/memneq.o
  CC      fs/9p/vfs_inode.o
  AS      arch/x86/lib/clear_page_64.o
  CC      arch/x86/lib/cmdline.o
  CC      lib/crypto/mpi/mpih-cmp.o
  AS      arch/x86/lib/cmpxchg16b_emu.o
  CC      arch/x86/lib/copy_mc.o
  CC      io_uring/splice.o
  AS      arch/x86/lib/copy_mc_64.o
  AS      arch/x86/lib/copy_page_64.o
  AS      arch/x86/lib/copy_user_64.o
  AS      arch/x86/lib/copy_user_uncached_64.o
  CC      arch/x86/lib/cpu.o
  CC      lib/crypto/mpi/mpih-div.o
  CC      fs/9p/vfs_inode_dotl.o
  CC      io_uring/sync.o
  AS      arch/x86/lib/csum-copy_64.o
  CC      arch/x86/lib/csum-partial_64.o
  CC      arch/x86/lib/csum-wrappers_64.o
  CC      lib/crypto/mpi/mpih-mul.o
  CC      arch/x86/lib/delay.o
  CC      fs/9p/vfs_addr.o
  CC      io_uring/msg_ring.o
  AS      arch/x86/lib/getuser.o
  GEN     arch/x86/lib/inat-tables.c
  CC      arch/x86/lib/insn-eval.o
  CC      lib/crypto/mpi/mpi-pow.o
  CC      fs/9p/vfs_file.o
  CC      io_uring/advise.o
  CC      lib/crypto/mpi/mpiutil.o
  CC      arch/x86/lib/insn.o
  CC      arch/x86/lib/kaslr.o
  CC      fs/9p/vfs_dir.o
  CC      io_uring/epoll.o
  AS      arch/x86/lib/memcpy_64.o
  AS      arch/x86/lib/memmove_64.o
  AS      arch/x86/lib/memset_64.o
  CC      arch/x86/lib/misc.o
  AR      lib/crypto/mpi/built-in.a
  CC      lib/crypto/utils.o
  CC      arch/x86/lib/pc-conf-reg.o
  AS      arch/x86/lib/putuser.o
  AS      arch/x86/lib/retpoline.o
  CC      arch/x86/lib/usercopy.o
  CC      fs/9p/vfs_dentry.o
  CC      lib/crypto/chacha.o
  CC      io_uring/statx.o
  CC      arch/x86/lib/usercopy_64.o
  CC      lib/crypto/aes.o
  CC      fs/9p/v9fs.o
  CC      arch/x86/lib/msr-smp.o
  CC      io_uring/timeout.o
  CC      lib/crypto/arc4.o
  CC      arch/x86/lib/cache-smp.o
  CC      arch/x86/lib/msr.o
  CC      fs/9p/fid.o
  CC      lib/crypto/gf128mul.o
  CC      io_uring/fdinfo.o
  CC      fs/9p/xattr.o
  AS      arch/x86/lib/msr-reg.o
  CC      arch/x86/lib/msr-reg-export.o
  CC      lib/crypto/blake2s.o
  AS      arch/x86/lib/hweight.o
  CC      arch/x86/lib/iomem.o
  CC      io_uring/cancel.o
  CC      lib/crypto/blake2s-generic.o
  AR      fs/9p/built-in.a
  AR      fs/hostfs/built-in.a
  CC      fs/debugfs/inode.o
  CC      arch/x86/lib/inat.o
  AR      arch/x86/lib/built-in.a
  AR      arch/x86/lib/lib.a
  CC      lib/crypto/sha1.o
  AR      drivers/cache/built-in.a
  AR      drivers/irqchip/built-in.a
  AR      drivers/bus/mhi/built-in.a
  AR      drivers/bus/built-in.a
  AR      drivers/pwm/built-in.a
  AR      drivers/leds/trigger/built-in.a
  AR      drivers/leds/blink/built-in.a
  AR      drivers/leds/simple/built-in.a
  CC      drivers/leds/led-core.o
  CC      io_uring/waitid.o
  CC      lib/crypto/sha256.o
  CC      fs/debugfs/file.o
  CC      drivers/leds/led-class.o
  AR      lib/crypto/built-in.a
  CC      lib/zlib_inflate/inffast.o
  CC      io_uring/register.o
  CC      lib/zlib_inflate/inflate.o
  CC      drivers/leds/led-triggers.o
  AR      fs/debugfs/built-in.a
  CC      fs/tracefs/inode.o
  CC      lib/zlib_inflate/infutil.o
  CC      lib/zlib_inflate/inftrees.o
  AR      drivers/leds/built-in.a
  CC      drivers/pci/msi/pcidev_msi.o
  CC      lib/zlib_inflate/inflate_syms.o
  CC      fs/tracefs/event_inode.o
  CC      io_uring/truncate.o
  CC      drivers/pci/msi/api.o
  AR      lib/zlib_inflate/built-in.a
  CC      lib/zlib_deflate/deflate.o
  AR      fs/tracefs/built-in.a
  CC [M]  fs/efivarfs/inode.o
  CC      io_uring/memmap.o
  CC      drivers/pci/msi/msi.o
  CC      lib/zlib_deflate/deftree.o
  CC [M]  fs/efivarfs/file.o
  CC      io_uring/io-wq.o
  CC      lib/zlib_deflate/deflate_syms.o
  CC      drivers/pci/msi/irqdomain.o
  CC [M]  fs/efivarfs/super.o
  AR      lib/zlib_deflate/built-in.a
  CC      lib/lzo/lzo1x_compress.o
  AR      drivers/pci/msi/built-in.a
  CC      drivers/pci/pcie/portdrv.o
  CC      io_uring/futex.o
  CC [M]  fs/efivarfs/vars.o
  CC      lib/lzo/lzo1x_compress_safe.o
  LD [M]  fs/efivarfs/efivarfs.o
  CC      fs/open.o
  CC      drivers/pci/pcie/rcec.o
  CC      lib/lzo/lzo1x_decompress_safe.o
  CC      io_uring/napi.o
  AR      lib/lzo/built-in.a
  CC      lib/lz4/lz4_decompress.o
  CC      drivers/pci/pcie/aspm.o
  AR      io_uring/built-in.a
  CC      sound/core/seq/seq.o
  CC      fs/read_write.o
  CC      sound/core/seq/seq_lock.o
  AR      lib/lz4/built-in.a
  CC      lib/zstd/zstd_decompress_module.o
  CC      drivers/pci/pcie/pme.o
  CC      sound/core/seq/seq_clientmgr.o
  CC      lib/zstd/decompress/huf_decompress.o
  AR      drivers/pci/pcie/built-in.a
  AR      drivers/pci/pwrctl/built-in.a
  CC      drivers/pci/hotplug/pci_hotplug_core.o
  CC      fs/file_table.o
  CC      sound/core/seq/seq_memory.o
  CC      drivers/pci/hotplug/acpi_pcihp.o
  CC      fs/super.o
  CC      sound/core/seq/seq_queue.o
  AR      drivers/pci/hotplug/built-in.a
  CC      lib/zstd/decompress/zstd_ddict.o
  AR      drivers/pci/controller/dwc/built-in.a
  AR      drivers/pci/controller/mobiveil/built-in.a
  AR      drivers/pci/controller/plda/built-in.a
  AR      drivers/pci/controller/built-in.a
  AR      drivers/pci/switch/built-in.a
  CC      lib/zstd/decompress/zstd_decompress.o
  CC      drivers/pci/access.o
  CC      sound/core/seq/seq_fifo.o
  CC      fs/char_dev.o
  CC      lib/zstd/decompress/zstd_decompress_block.o
  CC      sound/core/seq/seq_prioq.o
  CC      drivers/pci/bus.o
  CC      fs/stat.o
  CC      sound/core/seq/seq_timer.o
  CC      drivers/pci/probe.o
  CC      fs/exec.o
  CC      sound/core/seq/seq_system.o
  CC      sound/core/seq/seq_ports.o
  CC      lib/zstd/zstd_common_module.o
  CC      drivers/pci/host-bridge.o
  CC      lib/zstd/common/debug.o
  CC      lib/zstd/common/entropy_common.o
  CC      sound/core/seq/seq_info.o
  CC      fs/pipe.o
  CC      lib/zstd/common/error_private.o
  CC      drivers/pci/remove.o
  CC      lib/zstd/common/fse_decompress.o
  CC      sound/core/seq/seq_dummy.o
  CC      lib/zstd/common/zstd_common.o
  AR      lib/zstd/built-in.a
  CC      lib/xz/xz_dec_syms.o
  CC      drivers/pci/pci.o
  AR      sound/core/seq/built-in.a
  CC      sound/core/sound.o
  CC      lib/xz/xz_dec_stream.o
  CC      fs/namei.o
  CC      sound/core/init.o
  CC      lib/xz/xz_dec_lzma2.o
  CC      lib/xz/xz_dec_bcj.o
  CC      sound/core/memory.o
  AR      lib/xz/built-in.a
  CC      lib/dim/dim.o
  CC      sound/core/control.o
  CC      lib/dim/net_dim.o
  CC      drivers/pci/pci-driver.o
  CC      fs/fcntl.o
  CC      lib/dim/rdma_dim.o
  CC      sound/core/misc.o
  CC      drivers/pci/search.o
  AR      lib/dim/built-in.a
  CC      lib/fonts/fonts.o
  CC      fs/ioctl.o
  CC      sound/core/device.o
  CC      lib/fonts/font_8x16.o
  CC      drivers/pci/rebar.o
  CC      sound/core/info.o
  AR      lib/fonts/built-in.a
  CC      lib/argv_split.o
  CC      drivers/pci/rom.o
  CC      fs/readdir.o
  CC      lib/bug.o
  CC      drivers/pci/setup-res.o
  CC      sound/core/isadma.o
  CC      lib/buildid.o
  CC      fs/select.o
  CC      sound/core/vmaster.o
  CC      drivers/pci/irq.o
  CC      lib/clz_tab.o
  CC      lib/cmdline.o
  CC      lib/cpumask.o
  CC      sound/core/ctljack.o
  CC      drivers/pci/vpd.o
  CC      lib/ctype.o
  CC      lib/dec_and_lock.o
  CC      sound/core/jack.o
  CC      lib/decompress.o
  CC      fs/dcache.o
  CC      lib/decompress_bunzip2.o
  CC      drivers/pci/setup-bus.o
  CC      sound/core/hwdep.o
  CC      lib/decompress_inflate.o
  CC      sound/core/timer.o
  CC      lib/decompress_unlz4.o
  CC      lib/decompress_unlzma.o
  CC      drivers/pci/vc.o
  CC      fs/inode.o
  CC      drivers/pci/mmap.o
  CC      lib/decompress_unlzo.o
  CC      sound/core/hrtimer.o
  CC      lib/decompress_unxz.o
  CC      drivers/pci/devres.o
  CC      sound/core/pcm.o
  CC      fs/attr.o
  CC      lib/decompress_unzstd.o
  CC      drivers/pci/proc.o
  CC      sound/core/pcm_native.o
  CC      lib/dump_stack.o
  CC      fs/bad_inode.o
  CC      drivers/pci/pci-sysfs.o
  CC      lib/earlycpio.o
  CC      fs/file.o
  CC      lib/extable.o
  CC      lib/flex_proportions.o
  CC      lib/idr.o
  CC      drivers/pci/slot.o
  CC      lib/irq_regs.o
  CC      sound/core/pcm_lib.o
  CC      fs/filesystems.o
  CC      lib/is_single_threaded.o
  CC      drivers/pci/pci-acpi.o
  CC      lib/klist.o
  CC      lib/kobject.o
  CC      fs/namespace.o
  CC      lib/kobject_uevent.o
  CC      sound/core/pcm_misc.o
  CC      drivers/pci/iomap.o
  CC      drivers/pci/quirks.o
  CC      sound/core/pcm_memory.o
  CC      lib/logic_pio.o
  CC      sound/core/memalloc.o
  CC      lib/maple_tree.o
  CC      fs/seq_file.o
  CC      sound/core/pcm_timer.o
  CC      drivers/pci/ats.o
  CC      sound/core/seq_device.o
  CC      fs/xattr.o
  CC      drivers/pci/pci-label.o
  AR      sound/core/built-in.a
  AR      sound/i2c/other/built-in.a
  AR      sound/i2c/built-in.a
  AR      sound/drivers/opl3/built-in.a
  AR      sound/drivers/opl4/built-in.a
  AR      sound/drivers/mpu401/built-in.a
  AR      sound/drivers/vx/built-in.a
  AR      sound/drivers/pcsp/built-in.a
  AR      sound/drivers/built-in.a
  AR      sound/isa/ad1816a/built-in.a
  AR      sound/isa/ad1848/built-in.a
  AR      sound/isa/cs423x/built-in.a
  AR      sound/isa/es1688/built-in.a
  AR      sound/isa/galaxy/built-in.a
  AR      sound/isa/gus/built-in.a
  AR      sound/isa/msnd/built-in.a
  AR      sound/isa/opti9xx/built-in.a
  AR      sound/isa/sb/built-in.a
  AR      sound/isa/wavefront/built-in.a
  AR      sound/isa/wss/built-in.a
  AR      sound/isa/built-in.a
  AR      sound/pci/ac97/built-in.a
  AR      sound/pci/ali5451/built-in.a
  AR      sound/pci/asihpi/built-in.a
  AR      sound/pci/au88x0/built-in.a
  AR      sound/pci/aw2/built-in.a
  AR      sound/pci/ctxfi/built-in.a
  AR      sound/pci/ca0106/built-in.a
  CC      drivers/pci/vgaarb.o
  AR      sound/pci/cs46xx/built-in.a
  AR      sound/pci/cs5535audio/built-in.a
  AR      sound/pci/lola/built-in.a
  AR      sound/pci/lx6464es/built-in.a
  AR      sound/pci/echoaudio/built-in.a
  AR      sound/pci/emu10k1/built-in.a
  CC      sound/pci/hda/hda_bind.o
  CC      fs/libfs.o
  CC      sound/pci/hda/hda_codec.o
  AR      drivers/pci/built-in.a
  CC      drivers/video/console/dummycon.o
  CC      drivers/video/console/vgacon.o
  CC      fs/fs-writeback.o
  CC      lib/memcat_p.o
  CC      lib/nmi_backtrace.o
  AR      drivers/video/console/built-in.a
  CC      drivers/video/backlight/backlight.o
  CC      sound/pci/hda/hda_jack.o
  CC      lib/objpool.o
  CC      lib/plist.o
  CC      lib/radix-tree.o
  AR      drivers/video/backlight/built-in.a
  AR      drivers/video/fbdev/core/built-in.a
  AR      drivers/video/fbdev/omap/built-in.a
  AR      drivers/video/fbdev/omap2/omapfb/dss/built-in.a
  AR      drivers/video/fbdev/omap2/omapfb/displays/built-in.a
  AR      drivers/video/fbdev/omap2/omapfb/built-in.a
  AR      drivers/video/fbdev/omap2/built-in.a
  AR      drivers/video/fbdev/built-in.a
  CC      drivers/video/aperture.o
  CC      fs/pnode.o
  CC      sound/pci/hda/hda_auto_parser.o
  CC      fs/splice.o
  CC      drivers/video/cmdline.o
  CC      lib/ratelimit.o
  CC      lib/rbtree.o
  CC      sound/pci/hda/hda_sysfs.o
  CC      lib/seq_buf.o
  CC      drivers/video/nomodeset.o
  CC      drivers/video/hdmi.o
  CC      lib/siphash.o
  CC      sound/pci/hda/hda_controller.o
  CC      fs/sync.o
  CC      lib/string.o
  CC      lib/timerqueue.o
  AR      drivers/video/built-in.a
  AR      drivers/idle/built-in.a
  CC      lib/union_find.o
  AR      drivers/char/ipmi/built-in.a
  CC      lib/vsprintf.o
  CC      drivers/acpi/acpica/dsargs.o
  CC      fs/utimes.o
  CC      drivers/acpi/acpica/dscontrol.o
  CC      sound/pci/hda/hda_proc.o
  CC      drivers/acpi/acpica/dsdebug.o
  CC      drivers/acpi/acpica/dsfield.o
  CC      fs/d_path.o
  CC      sound/pci/hda/hda_hwdep.o
  CC      drivers/acpi/acpica/dsinit.o
  CC      drivers/acpi/acpica/dsmethod.o
  CC      fs/stack.o
  CC      sound/pci/hda/hda_intel.o
  CC      drivers/acpi/acpica/dsmthdat.o
  CC      lib/win_minmax.o
  CC      fs/fs_struct.o
  CC      drivers/acpi/acpica/dsobject.o
  CC      lib/xarray.o
  CC      drivers/acpi/acpica/dsopcode.o
  CC      fs/statfs.o
  AR      sound/pci/hda/built-in.a
  AR      sound/pci/ice1712/built-in.a
  AR      sound/pci/korg1212/built-in.a
  AR      sound/pci/mixart/built-in.a
  AR      sound/pci/nm256/built-in.a
  AR      sound/pci/oxygen/built-in.a
  AR      sound/pci/pcxhr/built-in.a
  AR      sound/pci/riptide/built-in.a
  CC      drivers/acpi/acpica/dspkginit.o
  AR      sound/pci/rme9652/built-in.a
  AR      sound/pci/trident/built-in.a
  AR      sound/pci/ymfpci/built-in.a
  AR      sound/pci/vx222/built-in.a
  AR      sound/pci/built-in.a
  AR      sound/ppc/built-in.a
  AR      sound/arm/built-in.a
  AR      sound/sh/built-in.a
  AR      sound/synth/emux/built-in.a
  AR      sound/synth/built-in.a
  AR      sound/usb/misc/built-in.a
  AR      sound/usb/usx2y/built-in.a
  AR      sound/usb/caiaq/built-in.a
  AR      sound/usb/6fire/built-in.a
  CC      drivers/acpi/acpica/dsutils.o
  AR      sound/usb/hiface/built-in.a
  AR      sound/usb/bcd2000/built-in.a
  AR      sound/usb/built-in.a
  AR      sound/firewire/built-in.a
  CC      lib/lockref.o
  AR      sound/sparc/built-in.a
  CC      fs/fs_pin.o
  AR      sound/spi/built-in.a
  AR      sound/parisc/built-in.a
  AR      sound/pcmcia/vx/built-in.a
  AR      sound/pcmcia/pdaudiocf/built-in.a
  AR      sound/pcmcia/built-in.a
  AR      sound/mips/built-in.a
  AR      sound/soc/built-in.a
  AR      sound/atmel/built-in.a
  CC      lib/bcd.o
  CC      sound/hda/hda_bus_type.o
  CC      lib/sort.o
  CC      drivers/acpi/acpica/dswexec.o
  CC      lib/parser.o
  CC      fs/nsfs.o
  CC      drivers/acpi/acpica/dswload.o
  CC      lib/debug_locks.o
  CC      sound/hda/hdac_bus.o
  CC      lib/random32.o
  CC      drivers/acpi/acpica/dswload2.o
  CC      lib/bust_spinlocks.o
  CC      fs/fs_types.o
  CC      drivers/acpi/acpica/dswscope.o
  CC      sound/hda/hdac_device.o
  CC      fs/fs_context.o
  CC      drivers/acpi/acpica/dswstate.o
  CC      lib/kasprintf.o
  CC      lib/bitmap.o
  CC      drivers/acpi/acpica/evevent.o
  CC      sound/hda/hdac_sysfs.o
  CC      drivers/acpi/acpica/evgpe.o
  CC      fs/fs_parser.o
  CC      lib/scatterlist.o
  CC      drivers/acpi/acpica/evgpeblk.o
  CC      sound/hda/hdac_regmap.o
  CC      fs/fsopen.o
  CC      drivers/acpi/acpica/evgpeinit.o
  CC      drivers/acpi/acpica/evgpeutil.o
  CC      sound/hda/hdac_controller.o
  CC      lib/list_sort.o
  CC      lib/uuid.o
  CC      lib/iov_iter.o
  CC      drivers/acpi/acpica/evglock.o
  CC      fs/init.o
  CC      drivers/acpi/acpica/evhandler.o
  CC      sound/hda/hdac_stream.o
  CC      drivers/acpi/acpica/evmisc.o
  CC      fs/kernel_read_file.o
  CC      drivers/acpi/acpica/evregion.o
  CC      sound/hda/array.o
  CC      drivers/acpi/acpica/evrgnini.o
  CC      fs/mnt_idmapping.o
  CC      sound/hda/hdmi_chmap.o
  CC      lib/clz_ctz.o
  CC      drivers/acpi/acpica/evsci.o
  CC      lib/bsearch.o
  CC      fs/remap_range.o
  CC      drivers/acpi/acpica/evxface.o
  CC      lib/find_bit.o
  CC      drivers/acpi/acpica/evxfevnt.o
  CC      sound/hda/trace.o
  CC      lib/llist.o
  CC      lib/lwq.o
  CC      fs/pidfs.o
  CC      lib/memweight.o
  CC      drivers/acpi/acpica/evxfgpe.o
  CC      lib/kfifo.o
  CC      drivers/acpi/acpica/evxfregn.o
  CC      sound/hda/hdac_component.o
  CC      fs/buffer.o
  CC      drivers/acpi/acpica/exconcat.o
  CC      lib/percpu-refcount.o
  CC      drivers/acpi/acpica/exconfig.o
  CC      sound/hda/hdac_i915.o
  CC      lib/rhashtable.o
  CC      drivers/acpi/acpica/exconvrt.o
  CC      drivers/acpi/acpica/excreate.o
  CC      sound/hda/intel-dsp-config.o
  CC      drivers/acpi/acpica/exdebug.o
  CC      lib/base64.o
  CC      fs/mpage.o
  CC      lib/once.o
  CC      sound/hda/intel-nhlt.o
  CC      drivers/acpi/acpica/exdump.o
  CC      drivers/acpi/acpica/exfield.o
  CC      lib/refcount.o
  CC      sound/hda/intel-sdw-acpi.o
  CC      lib/rcuref.o
  CC      drivers/acpi/acpica/exfldio.o
  CC      fs/proc_namespace.o
  CC      lib/usercopy.o
  CC      drivers/acpi/acpica/exmisc.o
  AR      sound/hda/built-in.a
  CC      lib/errseq.o
  AR      sound/x86/built-in.a
  AR      sound/xen/built-in.a
  AR      sound/virtio/built-in.a
  CC      sound/sound_core.o
  CC      lib/bucket_locks.o
  CC      drivers/acpi/acpica/exmutex.o
  CC      fs/direct-io.o
  CC      lib/generic-radix-tree.o
  CC      sound/last.o
  CC      drivers/acpi/acpica/exnames.o
  CC      drivers/acpi/acpica/exoparg1.o
  CC      lib/bitmap-str.o
  AR      sound/built-in.a
  CC      net/core/sock.o
  CC      fs/eventpoll.o
  CC      drivers/acpi/acpica/exoparg2.o
  CC      lib/string_helpers.o
  CC      drivers/acpi/acpica/exoparg3.o
  CC      drivers/acpi/acpica/exoparg6.o
  CC      lib/hexdump.o
  CC      lib/kstrtox.o
  CC      drivers/acpi/acpica/exprep.o
  CC      fs/anon_inodes.o
  CC      lib/iomap.o
  CC      drivers/acpi/acpica/exregion.o
  CC      drivers/acpi/acpica/exresnte.o
  CC      fs/signalfd.o
  CC      lib/iomap_copy.o
  CC      drivers/acpi/acpica/exresolv.o
  CC      lib/devres.o
  CC      net/core/request_sock.o
  CC      drivers/acpi/acpica/exresop.o
  CC      fs/timerfd.o
  CC      lib/check_signature.o
  CC      drivers/acpi/acpica/exserial.o
  CC      lib/interval_tree.o
  CC      net/core/skbuff.o
  CC      lib/assoc_array.o
  CC      drivers/acpi/acpica/exstore.o
  CC      drivers/acpi/acpica/exstoren.o
  CC      fs/eventfd.o
  CC      drivers/acpi/acpica/exstorob.o
  CC      lib/bitrev.o
  CC      drivers/acpi/acpica/exsystem.o
  CC      lib/crc-ccitt.o
  CC      fs/aio.o
  CC      drivers/acpi/acpica/extrace.o
  CC      drivers/acpi/acpica/exutils.o
  CC      lib/crc16.o
  CC      drivers/acpi/acpica/hwacpi.o
  HOSTCC  lib/gen_crc32table
  CC      lib/xxhash.o
  CC      drivers/acpi/acpica/hwesleep.o
  CC      drivers/acpi/acpica/hwgpe.o
  CC      fs/locks.o
  CC      lib/genalloc.o
  CC      drivers/acpi/acpica/hwregs.o
  CC      drivers/acpi/acpica/hwsleep.o
  CC      lib/percpu_counter.o
  CC      drivers/acpi/acpica/hwvalid.o
  CC      lib/syscall.o
  CC      net/core/datagram.o
  CC      drivers/acpi/acpica/hwxface.o
  CC      fs/binfmt_misc.o
  CC      drivers/acpi/acpica/hwxfsleep.o
  CC      lib/errname.o
  CC      lib/nlattr.o
  CC      drivers/acpi/acpica/hwpci.o
  CC      drivers/acpi/acpica/nsaccess.o
  CC      fs/binfmt_script.o
  CC      drivers/acpi/acpica/nsalloc.o
  CC      net/core/stream.o
  CC      lib/cpu_rmap.o
  CC      fs/binfmt_elf.o
  CC      drivers/acpi/acpica/nsarguments.o
  CC      lib/dynamic_queue_limits.o
  CC      drivers/acpi/acpica/nsconvert.o
  CC      drivers/acpi/acpica/nsdump.o
  CC      net/core/scm.o
  CC      drivers/acpi/acpica/nseval.o
  CC      fs/compat_binfmt_elf.o
  CC      lib/glob.o
  CC      drivers/acpi/acpica/nsinit.o
  CC      lib/strncpy_from_user.o
  CC      drivers/acpi/acpica/nsload.o
  CC      net/core/gen_stats.o
  CC      drivers/acpi/acpica/nsnames.o
  CC      lib/strnlen_user.o
  CC      fs/mbcache.o
  CC      drivers/acpi/acpica/nsobject.o
  CC      lib/net_utils.o
  CC      drivers/acpi/acpica/nsparse.o
  CC      net/core/gen_estimator.o
  CC      fs/posix_acl.o
  CC      drivers/acpi/acpica/nspredef.o
  CC      lib/sg_pool.o
  CC      drivers/acpi/acpica/nsprepkg.o
  CC      net/core/net_namespace.o
  CC      lib/stackdepot.o
  CC      drivers/acpi/acpica/nsrepair.o
  CC      fs/coredump.o
  CC      drivers/acpi/acpica/nsrepair2.o
  CC      lib/asn1_decoder.o
  CC      drivers/acpi/acpica/nssearch.o
  CC      net/core/secure_seq.o
  GEN     lib/oid_registry_data.c
  CC      lib/ucs2_string.o
  CC      drivers/acpi/acpica/nsutils.o
  CC      fs/drop_caches.o
  CC      lib/sbitmap.o
  CC      drivers/acpi/acpica/nswalk.o
  CC      fs/sysctls.o
  CC      drivers/acpi/acpica/nsxfeval.o
  CC      fs/fhandle.o
  CC      net/core/flow_dissector.o
  CC      drivers/acpi/acpica/nsxfname.o
  CC      lib/group_cpus.o
  CC      drivers/acpi/acpica/nsxfobj.o
  AR      fs/built-in.a
  CC      lib/fw_table.o
  CC      drivers/acpi/acpica/psargs.o
  CC      drivers/pnp/pnpacpi/core.o
  CC      drivers/acpi/acpica/psloop.o
  AR      lib/lib.a
  GEN     lib/crc32table.h
  CC      lib/oid_registry.o
  CC      net/core/sysctl_net_core.o
  CC      drivers/pnp/pnpacpi/rsparser.o
  CC      drivers/acpi/acpica/psobject.o
  CC      lib/crc32.o
  CC      drivers/acpi/acpica/psopcode.o
  AR      drivers/pnp/pnpacpi/built-in.a
  CC      drivers/pnp/core.o
  CC      drivers/acpi/acpica/psopinfo.o
  AR      lib/built-in.a
  AR      virt/lib/built-in.a
  AR      virt/built-in.a
  CC      drivers/acpi/numa/srat.o
  CC      net/core/dev.o
  CC      drivers/acpi/acpica/psparse.o
  CC      drivers/pnp/card.o
  CC      drivers/acpi/acpica/psscope.o
  AR      drivers/acpi/numa/built-in.a
  CC      net/ethernet/eth.o
  CC      drivers/pnp/driver.o
  CC      drivers/acpi/acpica/pstree.o
  CC      drivers/acpi/acpica/psutils.o
  CC      drivers/acpi/acpica/pswalk.o
  CC      drivers/pnp/resource.o
  CC      drivers/acpi/acpica/psxface.o
  AR      net/ethernet/built-in.a
  AR      net/802/built-in.a
  AR      drivers/amba/built-in.a
  CC      net/core/dev_addr_lists.o
  CC      drivers/acpi/acpica/rsaddr.o
  CC      drivers/pnp/manager.o
  CC      drivers/acpi/acpica/rscalc.o
  CC      drivers/acpi/acpica/rscreate.o
  CC      net/sched/sch_generic.o
  CC      drivers/pnp/support.o
  CC      drivers/acpi/acpica/rsdumpinfo.o
  CC      drivers/acpi/acpica/rsinfo.o
  CC      drivers/pnp/interface.o
  CC      drivers/acpi/acpica/rsio.o
  CC      drivers/acpi/acpica/rsirq.o
  CC      drivers/pnp/quirks.o
  CC      net/sched/sch_mq.o
  CC      drivers/acpi/acpica/rslist.o
  CC      drivers/acpi/acpica/rsmemory.o
  CC      drivers/pnp/system.o
  CC      drivers/acpi/acpica/rsmisc.o
  CC      net/sched/sch_frag.o
  AR      drivers/pnp/built-in.a
  CC      arch/x86/pci/i386.o
  CC      net/core/dst.o
  CC      drivers/acpi/acpica/rsserial.o
  CC      drivers/acpi/acpica/rsutils.o
  CC      arch/x86/pci/init.o
  CC      drivers/acpi/acpica/rsxface.o
  CC      net/sched/sch_api.o
  CC      net/core/netevent.o
  CC      drivers/acpi/acpica/tbdata.o
  CC      arch/x86/pci/mmconfig_64.o
  CC      drivers/acpi/acpica/tbfadt.o
  CC      net/core/neighbour.o
  CC      arch/x86/pci/direct.o
  CC      drivers/acpi/acpica/tbfind.o
  CC      drivers/acpi/acpica/tbinstal.o
  CC      net/sched/sch_blackhole.o
  CC      arch/x86/pci/mmconfig-shared.o
  CC      drivers/acpi/acpica/tbprint.o
  CC      drivers/acpi/acpica/tbutils.o
  CC      arch/x86/pci/fixup.o
  CC      drivers/acpi/acpica/tbxface.o
  CC      net/sched/cls_api.o
  CC      drivers/acpi/acpica/tbxfload.o
  CC      arch/x86/pci/acpi.o
  CC      drivers/acpi/acpica/tbxfroot.o
  CC      net/core/rtnetlink.o
  CC      drivers/acpi/acpica/utaddress.o
  CC      arch/x86/pci/legacy.o
  CC      drivers/acpi/acpica/utalloc.o
  CC      drivers/acpi/acpica/utascii.o
  CC      arch/x86/pci/irq.o
  CC      drivers/acpi/acpica/utbuffer.o
  CC      drivers/acpi/acpica/utcksum.o
  CC      net/sched/act_api.o
  CC      drivers/acpi/acpica/utcopy.o
  CC      arch/x86/pci/common.o
  CC      drivers/acpi/acpica/utexcep.o
  CC      drivers/acpi/acpica/utdebug.o
  CC      drivers/acpi/acpica/utdecode.o
  CC      arch/x86/pci/early.o
  CC      net/core/utils.o
  CC      net/sched/sch_fifo.o
  CC      drivers/acpi/acpica/utdelete.o
  CC      arch/x86/pci/bus_numa.o
  CC      drivers/acpi/acpica/uterror.o
  CC      drivers/acpi/acpica/uteval.o
  CC      net/core/link_watch.o
  CC      net/sched/cls_cgroup.o
  CC      arch/x86/pci/amd_bus.o
  CC      drivers/acpi/acpica/utglobal.o
  CC      drivers/acpi/acpica/uthex.o
  AR      arch/x86/pci/built-in.a
  CC      arch/x86/power/cpu.o
  CC      drivers/acpi/acpica/utids.o
  CC      net/sched/ematch.o
  CC      net/core/filter.o
  CC      drivers/acpi/acpica/utinit.o
  CC      drivers/acpi/acpica/utlock.o
  CC      arch/x86/power/hibernate_64.o
  AR      net/sched/built-in.a
  CC      arch/x86/video/video-common.o
  CC      drivers/acpi/acpica/utmath.o
  CC      drivers/acpi/acpica/utmisc.o
  AS      arch/x86/power/hibernate_asm_64.o
  AR      arch/x86/video/built-in.a
  CC      arch/x86/power/hibernate.o
  AR      drivers/acpi/pmic/built-in.a
  AR      drivers/clk/actions/built-in.a
  AR      drivers/clk/analogbits/built-in.a
  AR      drivers/clk/bcm/built-in.a
  AR      drivers/clk/imgtec/built-in.a
  AR      drivers/clk/imx/built-in.a
  AR      drivers/clk/ingenic/built-in.a
  CC      drivers/acpi/acpica/utmutex.o
  AR      drivers/clk/keystone/built-in.a
  AR      drivers/clk/mediatek/built-in.a
  AR      drivers/clk/microchip/built-in.a
  AR      drivers/clk/mstar/built-in.a
  AR      drivers/clk/mvebu/built-in.a
  AR      drivers/clk/ralink/built-in.a
  AR      drivers/clk/renesas/built-in.a
  AR      drivers/clk/socfpga/built-in.a
  AR      drivers/clk/sophgo/built-in.a
  AR      drivers/clk/sprd/built-in.a
  AR      drivers/clk/starfive/built-in.a
  AR      drivers/clk/sunxi-ng/built-in.a
  AR      drivers/clk/ti/built-in.a
  AR      drivers/clk/versatile/built-in.a
  AR      drivers/clk/xilinx/built-in.a
  AR      drivers/clk/built-in.a
  CC      drivers/acpi/acpica/utnonansi.o
  CC      drivers/dma/dw/core.o
  AR      arch/x86/power/built-in.a
  CC      drivers/dma/dw/dw.o
  CC      drivers/acpi/acpica/utobject.o
  CC      drivers/acpi/acpica/utosi.o
  CC      net/netlink/af_netlink.o
  CC      drivers/dma/dw/idma32.o
  CC      drivers/acpi/acpica/utownerid.o
  CC      drivers/acpi/acpica/utpredef.o
  CC      drivers/dma/dw/acpi.o
  CC      drivers/acpi/acpica/utresdecode.o
  CC      drivers/acpi/acpica/utresrc.o
  AR      drivers/dma/dw/built-in.a
  CC      drivers/dma/hsu/hsu.o
  CC      drivers/acpi/acpica/utstate.o
  CC      net/netlink/genetlink.o
  CC      drivers/acpi/acpica/utstring.o
  AR      drivers/dma/hsu/built-in.a
  AR      drivers/dma/idxd/built-in.a
  AR      drivers/dma/amd/built-in.a
  AR      drivers/dma/mediatek/built-in.a
  AR      drivers/dma/qcom/built-in.a
  AR      drivers/dma/stm32/built-in.a
  AR      drivers/dma/ti/built-in.a
  AR      drivers/dma/xilinx/built-in.a
  CC      drivers/dma/dmaengine.o
  CC      drivers/acpi/acpica/utstrsuppt.o
  CC      drivers/acpi/acpica/utstrtoul64.o
  CC      net/core/sock_diag.o
  CC      drivers/acpi/acpica/utxface.o
  CC      net/netlink/policy.o
  CC      drivers/dma/virt-dma.o
  CC      drivers/acpi/acpica/utxfinit.o
  CC      drivers/acpi/acpica/utxferror.o
  CC      net/core/dev_ioctl.o
  CC      drivers/dma/acpi-dma.o
  AR      net/netlink/built-in.a
  CC      drivers/acpi/dptf/int340x_thermal.o
  CC      drivers/acpi/acpica/utxfmutex.o
  AR      drivers/acpi/acpica/built-in.a
  AR      net/bpf/built-in.a
  AR      drivers/soc/apple/built-in.a
  AR      drivers/soc/aspeed/built-in.a
  AR      drivers/acpi/dptf/built-in.a
  AR      drivers/dma/built-in.a
  AR      drivers/soc/bcm/built-in.a
  AR      drivers/soc/fsl/built-in.a
  CC      drivers/virtio/virtio.o
  CC      drivers/acpi/x86/apple.o
  AR      drivers/soc/fujitsu/built-in.a
  AR      drivers/soc/hisilicon/built-in.a
  AR      drivers/soc/imx/built-in.a
  AR      drivers/soc/ixp4xx/built-in.a
  AR      drivers/soc/loongson/built-in.a
  AR      drivers/soc/mediatek/built-in.a
  AR      drivers/soc/microchip/built-in.a
  AR      drivers/soc/nuvoton/built-in.a
  AR      drivers/soc/pxa/built-in.a
  AR      drivers/soc/amlogic/built-in.a
  AR      drivers/soc/qcom/built-in.a
  AR      drivers/soc/renesas/built-in.a
  AR      drivers/soc/rockchip/built-in.a
  AR      drivers/soc/sunxi/built-in.a
  CC      net/core/tso.o
  AR      drivers/soc/ti/built-in.a
  AR      drivers/soc/versatile/built-in.a
  AR      drivers/soc/xilinx/built-in.a
  AR      drivers/soc/built-in.a
  CC      drivers/tty/vt/vt_ioctl.o
  CC      drivers/acpi/x86/cmos_rtc.o
  CC      drivers/virtio/virtio_ring.o
  CC      drivers/acpi/x86/lpss.o
  CC      net/core/sock_reuseport.o
  CC      drivers/tty/vt/vc_screen.o
  CC      drivers/acpi/x86/s2idle.o
  CC      drivers/tty/vt/selection.o
  CC      drivers/virtio/virtio_anchor.o
  CC      net/core/fib_notifier.o
  CC      drivers/virtio/virtio_pci_modern_dev.o
  CC      drivers/acpi/x86/utils.o
  CC      drivers/tty/vt/keyboard.o
  CC      net/core/xdp.o
  CC      drivers/acpi/x86/blacklist.o
  CC      drivers/virtio/virtio_pci_legacy_dev.o
  AR      drivers/acpi/x86/built-in.a
  CC      drivers/acpi/tables.o
  CC      drivers/virtio/virtio_pci_modern.o
  CC      drivers/tty/vt/vt.o
  CC      net/core/flow_offload.o
  CC      drivers/acpi/osi.o
  CC      drivers/virtio/virtio_pci_common.o
  CC      drivers/acpi/osl.o
  CC      drivers/virtio/virtio_pci_legacy.o
  CC      net/core/gro.o
  COPY    drivers/tty/vt/defkeymap.c
  CC      drivers/tty/vt/consolemap.o
  CC      drivers/virtio/virtio_pci_admin_legacy_io.o
  CC      drivers/acpi/utils.o
  CC      drivers/virtio/virtio_input.o
  CC      net/core/netdev-genl.o
  HOSTCC  drivers/tty/vt/conmakehash
  CC      drivers/tty/vt/defkeymap.o
  CC      drivers/acpi/reboot.o
  CONMK   drivers/tty/vt/consolemap_deftbl.c
  CC      drivers/tty/vt/consolemap_deftbl.o
  AR      drivers/tty/vt/built-in.a
  CC      drivers/tty/hvc/hvc_console.o
  CC      drivers/virtio/virtio_dma_buf.o
  CC      drivers/acpi/nvs.o
  AR      drivers/tty/hvc/built-in.a
  AR      drivers/virtio/built-in.a
  CC      drivers/tty/serial/8250/8250_core.o
  CC      net/ethtool/ioctl.o
  CC      net/core/netdev-genl-gen.o
  CC      drivers/acpi/wakeup.o
  CC      net/core/gso.o
  CC      drivers/tty/serial/8250/8250_platform.o
  CC      drivers/acpi/sleep.o
  CC      drivers/tty/serial/8250/8250_pnp.o
  CC      net/core/net-sysfs.o
  CC      drivers/acpi/device_sysfs.o
  CC      net/ethtool/common.o
  CC      drivers/tty/serial/8250/8250_rsa.o
  CC      drivers/acpi/device_pm.o
  CC      drivers/tty/serial/8250/8250_port.o
  CC      net/ethtool/netlink.o
  CC      net/core/hotdata.o
  CC      drivers/acpi/proc.o
  CC      net/core/netdev_rx_queue.o
  CC      net/ethtool/bitset.o
  CC      drivers/acpi/bus.o
  CC      drivers/tty/serial/8250/8250_dma.o
  CC      net/core/net-procfs.o
  CC      net/ethtool/strset.o
  CC      drivers/tty/serial/8250/8250_dwlib.o
  CC      drivers/acpi/glue.o
  CC      drivers/tty/serial/8250/8250_pcilib.o
  CC      net/core/netpoll.o
  CC      drivers/acpi/scan.o
  CC      net/ethtool/linkinfo.o
  CC      drivers/tty/serial/8250/8250_early.o
  CC      drivers/tty/serial/8250/8250_exar.o
  CC      net/ethtool/linkmodes.o
  CC      drivers/acpi/mipi-disco-img.o
  CC      net/core/fib_rules.o
  CC      drivers/tty/serial/8250/8250_lpss.o
  CC      drivers/acpi/resource.o
  CC      net/ethtool/rss.o
  CC      drivers/tty/serial/8250/8250_mid.o
  CC      drivers/acpi/acpi_processor.o
  CC      net/core/net-traces.o
  CC      net/ethtool/linkstate.o
  CC      drivers/tty/serial/8250/8250_pci.o
  CC      drivers/acpi/processor_core.o
  CC      net/ethtool/debug.o
  CC      drivers/acpi/processor_pdc.o
  CC      drivers/tty/serial/8250/8250_pericom.o
  CC      net/ethtool/wol.o
  CC      drivers/acpi/ec.o
  AR      drivers/tty/serial/8250/built-in.a
  CC      drivers/tty/serial/serial_core.o
  CC      net/ethtool/features.o
  CC      drivers/acpi/dock.o
  CC      net/core/selftests.o
  CC      net/ethtool/privflags.o
  CC      drivers/acpi/pci_root.o
  CC      drivers/tty/serial/serial_base_bus.o
  CC      net/core/ptp_classifier.o
  CC      net/ethtool/rings.o
  CC      drivers/tty/serial/serial_ctrl.o
  CC      drivers/acpi/pci_link.o
  CC      drivers/tty/serial/serial_port.o
  CC      net/core/netprio_cgroup.o
  CC      net/ethtool/channels.o
  CC      drivers/acpi/pci_irq.o
  CC      drivers/tty/serial/earlycon.o
  CC      drivers/acpi/acpi_apd.o
  CC      net/core/netclassid_cgroup.o
  AR      drivers/tty/serial/built-in.a
  AR      drivers/tty/ipwireless/built-in.a
  CC      drivers/tty/tty_io.o
  CC      net/ethtool/coalesce.o
  CC      drivers/acpi/acpi_platform.o
  CC      net/core/dst_cache.o
  CC      net/ethtool/pause.o
  CC      drivers/acpi/acpi_pnp.o
  CC      drivers/tty/n_tty.o
  CC      net/core/gro_cells.o
  CC      drivers/acpi/power.o
  CC      net/ethtool/eee.o
  CC      drivers/acpi/event.o
  CC      net/core/failover.o
  CC      net/ethtool/tsinfo.o
  CC      drivers/tty/tty_ioctl.o
  CC      drivers/acpi/evged.o
  AR      net/core/built-in.a
  CC      drivers/acpi/sysfs.o
  CC      net/ethtool/cabletest.o
  CC      drivers/tty/tty_ldisc.o
  CC      drivers/char/hw_random/core.o
  CC      drivers/acpi/property.o
  CC      drivers/tty/tty_buffer.o
  CC      drivers/char/hw_random/via-rng.o
  CC      net/ethtool/tunnels.o
  CC      drivers/tty/tty_port.o
  AR      drivers/char/hw_random/built-in.a
  CC      drivers/char/agp/backend.o
  CC      drivers/acpi/debugfs.o
  CC      drivers/acpi/acpi_lpat.o
  CC      drivers/char/agp/generic.o
  CC      net/ethtool/fec.o
  CC      drivers/tty/tty_mutex.o
  CC      drivers/acpi/acpi_lpit.o
  CC      drivers/tty/tty_ldsem.o
  CC      net/ethtool/eeprom.o
  CC      drivers/char/agp/isoch.o
  CC      drivers/acpi/prmt.o
  CC      drivers/tty/tty_baudrate.o
  CC      drivers/char/agp/amd64-agp.o
  CC      drivers/tty/tty_jobctrl.o
  CC      drivers/acpi/acpi_pcc.o
  CC      net/ethtool/stats.o
  CC      drivers/tty/n_null.o
  CC      drivers/char/agp/intel-agp.o
  CC      drivers/acpi/ac.o
  CC      drivers/tty/pty.o
  CC      net/ethtool/phc_vclocks.o
  CC      drivers/char/agp/intel-gtt.o
  CC      drivers/acpi/button.o
  CC      drivers/tty/tty_audit.o
  CC      drivers/acpi/fan_core.o
  CC      net/ethtool/mm.o
  AR      drivers/char/agp/built-in.a
  CC      drivers/char/mem.o
  CC      drivers/tty/sysrq.o
  CC      drivers/acpi/fan_attr.o
  CC      drivers/char/random.o
  CC      net/ethtool/module.o
  CC      drivers/acpi/fan_hwmon.o
  AR      drivers/tty/built-in.a
  CC      drivers/iommu/amd/iommu.o
  CC      drivers/acpi/acpi_video.o
  CC      net/ethtool/cmis_fw_update.o
  CC      drivers/char/misc.o
  CC      drivers/iommu/amd/init.o
  CC      drivers/acpi/video_detect.o
  CC      drivers/char/virtio_console.o
  CC      net/ethtool/cmis_cdb.o
  CC      drivers/acpi/processor_driver.o
  CC      net/ethtool/pse-pd.o
  CC      drivers/acpi/processor_thermal.o
  CC      drivers/iommu/amd/quirks.o
  CC      drivers/char/hpet.o
  CC      drivers/acpi/processor_idle.o
  CC      drivers/iommu/amd/io_pgtable.o
  CC      drivers/char/nvram.o
  CC      net/ethtool/plca.o
  AR      drivers/char/built-in.a
  CC      net/netfilter/core.o
  CC      drivers/iommu/amd/io_pgtable_v2.o
  CC      drivers/acpi/processor_throttling.o
  CC      net/ethtool/phy.o
  CC      drivers/iommu/amd/ppr.o
  CC      drivers/acpi/processor_perflib.o
  AR      net/ethtool/built-in.a
  CC      net/netfilter/nf_log.o
  CC      net/ipv4/netfilter/nf_defrag_ipv4.o
  CC      drivers/iommu/amd/pasid.o
  CC      drivers/acpi/container.o
  CC      net/netfilter/nf_queue.o
  CC      drivers/acpi/thermal_lib.o
  AR      drivers/iommu/amd/built-in.a
  CC      drivers/iommu/intel/dmar.o
  CC      net/ipv4/netfilter/nf_reject_ipv4.o
  CC      drivers/acpi/thermal.o
  CC      net/netfilter/nf_sockopt.o
  CC      drivers/acpi/nhlt.o
  CC      net/ipv4/netfilter/ip_tables.o
  CC      drivers/iommu/intel/iommu.o
  CC      net/netfilter/utils.o
  CC      drivers/acpi/acpi_memhotplug.o
  CC      drivers/acpi/ioapic.o
  CC      net/ipv4/netfilter/iptable_filter.o
  CC      net/netfilter/nfnetlink.o
  CC      drivers/acpi/battery.o
  CC      net/ipv4/netfilter/iptable_mangle.o
  CC      drivers/iommu/intel/pasid.o
  CC      net/netfilter/nfnetlink_log.o
  CC      drivers/acpi/bgrt.o
  CC      net/ipv4/netfilter/ipt_REJECT.o
  CC      drivers/acpi/cppc_acpi.o
  CC      drivers/iommu/intel/nested.o
  CC      net/netfilter/nf_conntrack_core.o
  CC [M]  net/ipv4/netfilter/iptable_nat.o
  CC      drivers/iommu/intel/cache.o
  CC      drivers/acpi/spcr.o
  AR      drivers/acpi/built-in.a
  CC      net/ipv4/route.o
  AR      net/ipv4/netfilter/built-in.a
  AR      drivers/iommu/arm/arm-smmu/built-in.a
  AR      drivers/iommu/arm/arm-smmu-v3/built-in.a
  AR      drivers/iommu/arm/built-in.a
  AR      drivers/gpu/host1x/built-in.a
  CC      drivers/iommu/intel/prq.o
  AR      drivers/gpu/drm/tests/built-in.a
  AR      drivers/gpu/drm/arm/built-in.a
  CC      drivers/gpu/drm/display/drm_display_helper_mod.o
  CC      net/netfilter/nf_conntrack_standalone.o
  CC      drivers/gpu/drm/display/drm_dp_dual_mode_helper.o
  CC      drivers/iommu/intel/trace.o
  CC      net/netfilter/nf_conntrack_expect.o
  CC      drivers/gpu/drm/display/drm_dp_helper.o
  CC      net/ipv4/inetpeer.o
  CC      drivers/iommu/intel/cap_audit.o
  CC      net/netfilter/nf_conntrack_helper.o
  CC      net/ipv4/protocol.o
  CC      drivers/iommu/intel/perfmon.o
  CC      drivers/gpu/drm/display/drm_dp_mst_topology.o
  CC      net/netfilter/nf_conntrack_proto.o
  CC      net/ipv4/ip_input.o
  AR      drivers/iommu/intel/built-in.a
  AR      drivers/iommu/iommufd/built-in.a
  CC      drivers/iommu/iommu.o
  CC      net/netfilter/nf_conntrack_proto_generic.o
  CC      net/ipv4/ip_fragment.o
  CC      drivers/iommu/iommu-traces.o
  CC      drivers/gpu/drm/display/drm_dsc_helper.o
  CC      net/netfilter/nf_conntrack_proto_tcp.o
  CC      net/ipv4/ip_forward.o
  CC      drivers/gpu/drm/display/drm_hdcp_helper.o
  CC      drivers/iommu/iommu-sysfs.o
  CC      drivers/iommu/dma-iommu.o
  CC      drivers/gpu/drm/display/drm_hdmi_helper.o
  CC      net/ipv4/ip_options.o
  CC      net/netfilter/nf_conntrack_proto_udp.o
  CC      drivers/gpu/drm/display/drm_scdc_helper.o
  CC      drivers/iommu/io-pgtable.o
  CC      net/ipv4/ip_output.o
  AR      drivers/gpu/drm/display/built-in.a
  CC      drivers/gpu/drm/ttm/ttm_tt.o
  CC      net/netfilter/nf_conntrack_proto_icmp.o
  CC      drivers/iommu/iova.o
  CC      drivers/gpu/drm/ttm/ttm_bo.o
  CC      net/netfilter/nf_conntrack_extend.o
  CC      drivers/iommu/iommu-sva.o
  CC      drivers/gpu/drm/ttm/ttm_bo_util.o
  CC      drivers/iommu/io-pgfault.o
  CC      net/ipv4/ip_sockglue.o
  CC      net/netfilter/nf_conntrack_acct.o
  AR      drivers/iommu/built-in.a
  CC      drivers/connector/cn_queue.o
  CC      drivers/gpu/drm/ttm/ttm_bo_vm.o
  CC      net/netfilter/nf_conntrack_seqadj.o
  CC      drivers/gpu/drm/ttm/ttm_module.o
  CC      drivers/connector/connector.o
  CC      net/ipv4/inet_hashtables.o
  CC      drivers/gpu/drm/ttm/ttm_execbuf_util.o
  CC      net/netfilter/nf_conntrack_proto_icmpv6.o
  CC      drivers/gpu/drm/ttm/ttm_range_manager.o
  CC      drivers/connector/cn_proc.o
  CC      drivers/gpu/drm/ttm/ttm_resource.o
  CC      net/ipv4/inet_timewait_sock.o
  AR      drivers/connector/built-in.a
  CC      drivers/gpu/drm/ttm/ttm_pool.o
  CC      net/netfilter/nf_conntrack_netlink.o
  CC      drivers/base/power/sysfs.o
  CC      net/ipv4/inet_connection_sock.o
  CC      drivers/gpu/drm/ttm/ttm_device.o
  CC      drivers/base/power/generic_ops.o
  CC      drivers/gpu/drm/ttm/ttm_sys_manager.o
  CC      drivers/base/power/common.o
  CC      net/netfilter/nf_conntrack_ftp.o
  CC      drivers/gpu/drm/ttm/ttm_agp_backend.o
  CC      drivers/base/power/qos.o
  CC      net/ipv4/tcp.o
  AR      drivers/gpu/drm/ttm/built-in.a
  CC      drivers/gpu/drm/i915/i915_config.o
  CC      drivers/gpu/drm/i915/i915_driver.o
  CC      net/netfilter/nf_conntrack_irc.o
  CC      drivers/base/power/runtime.o
  CC      net/netfilter/nf_conntrack_sip.o
  CC      drivers/base/power/wakeirq.o
  CC      drivers/gpu/drm/i915/i915_drm_client.o
  CC      drivers/base/power/main.o
  CC      drivers/gpu/drm/i915/i915_getparam.o
  CC      net/netfilter/nf_nat_core.o
  CC      net/ipv4/tcp_input.o
  CC      drivers/base/power/wakeup.o
  CC      drivers/gpu/drm/i915/i915_ioctl.o
  CC      drivers/gpu/drm/i915/i915_irq.o
  CC      net/netfilter/nf_nat_proto.o
  CC      drivers/base/power/wakeup_stats.o
  CC      drivers/base/power/trace.o
  CC      drivers/gpu/drm/i915/i915_mitigations.o
  AR      drivers/base/power/built-in.a
  CC      drivers/base/firmware_loader/builtin/main.o
  CC      net/netfilter/nf_nat_helper.o
  AR      drivers/base/firmware_loader/builtin/built-in.a
  CC      drivers/base/firmware_loader/main.o
  CC      drivers/gpu/drm/i915/i915_module.o
  CC      net/ipv4/tcp_output.o
  CC      net/netfilter/nf_nat_masquerade.o
  AR      drivers/base/firmware_loader/built-in.a
  CC      drivers/base/regmap/regmap.o
  CC      drivers/gpu/drm/i915/i915_params.o
  CC      net/netfilter/nf_nat_ftp.o
  CC      drivers/gpu/drm/i915/i915_pci.o
  CC      net/netfilter/nf_nat_irc.o
  CC      drivers/base/regmap/regcache.o
  CC      drivers/gpu/drm/i915/i915_scatterlist.o
  CC      net/ipv4/tcp_timer.o
  CC      drivers/gpu/drm/i915/i915_suspend.o
  CC      drivers/base/regmap/regcache-rbtree.o
  CC      net/netfilter/nf_nat_sip.o
  CC      drivers/base/regmap/regcache-flat.o
  CC      drivers/gpu/drm/i915/i915_switcheroo.o
  CC      net/ipv4/tcp_ipv4.o
  CC      net/netfilter/x_tables.o
  CC      drivers/base/regmap/regcache-maple.o
  CC      drivers/gpu/drm/i915/i915_sysfs.o
  CC      drivers/base/regmap/regmap-debugfs.o
  AR      drivers/base/regmap/built-in.a
  AR      drivers/base/test/built-in.a
  CC      drivers/base/component.o
  CC      drivers/gpu/drm/i915/i915_utils.o
  CC      net/netfilter/xt_tcpudp.o
  CC      drivers/base/core.o
  CC      drivers/gpu/drm/i915/intel_clock_gating.o
  CC      net/ipv4/tcp_minisocks.o
  CC      net/netfilter/xt_CONNSECMARK.o
  CC      drivers/gpu/drm/i915/intel_device_info.o
  CC      net/ipv4/tcp_cong.o
  CC      net/netfilter/xt_NFLOG.o
  CC      drivers/gpu/drm/i915/intel_memory_region.o
  CC      net/netfilter/xt_SECMARK.o
  CC      drivers/base/bus.o
  CC      net/ipv4/tcp_metrics.o
  CC      drivers/base/dd.o
  CC      drivers/gpu/drm/i915/intel_pcode.o
  CC      net/netfilter/xt_TCPMSS.o
  CC      drivers/base/syscore.o
  CC      drivers/gpu/drm/i915/intel_region_ttm.o
  CC      net/ipv4/tcp_fastopen.o
  CC      net/netfilter/xt_conntrack.o
  CC      drivers/base/driver.o
  CC      drivers/gpu/drm/i915/intel_runtime_pm.o
  CC      net/ipv4/tcp_rate.o
  CC      drivers/base/class.o
  CC      net/netfilter/xt_policy.o
  CC      drivers/gpu/drm/i915/intel_sbi.o
  CC      drivers/base/platform.o
  CC      net/ipv4/tcp_recovery.o
  CC      net/netfilter/xt_state.o
  CC      drivers/gpu/drm/i915/intel_step.o
  CC      drivers/base/cpu.o
  CC      net/ipv4/tcp_ulp.o
  CC [M]  net/netfilter/nf_log_syslog.o
  CC      drivers/gpu/drm/i915/intel_uncore.o
  CC      drivers/base/firmware.o
  CC      drivers/base/init.o
  CC      net/ipv4/tcp_offload.o
  CC      drivers/base/map.o
  CC [M]  net/netfilter/xt_mark.o
  CC      drivers/base/devres.o
  CC      drivers/gpu/drm/i915/intel_wakeref.o
  CC      net/ipv4/tcp_plb.o
  CC [M]  net/netfilter/xt_nat.o
  CC      drivers/base/attribute_container.o
  CC      drivers/gpu/drm/i915/vlv_sideband.o
  CC      drivers/base/transport_class.o
  CC      net/ipv4/datagram.o
  CC [M]  net/netfilter/xt_LOG.o
  CC      drivers/base/topology.o
  CC      drivers/gpu/drm/i915/vlv_suspend.o
  CC      drivers/base/container.o
  CC      net/ipv4/raw.o
  CC [M]  net/netfilter/xt_MASQUERADE.o
  CC      drivers/base/property.o
  CC      drivers/gpu/drm/i915/soc/intel_dram.o
  CC [M]  net/netfilter/xt_addrtype.o
  CC      net/ipv4/udp.o
  CC      drivers/base/cacheinfo.o
  CC      drivers/gpu/drm/i915/soc/intel_gmch.o
  CC      drivers/base/swnode.o
  AR      net/netfilter/built-in.a
  CC      net/xfrm/xfrm_policy.o
  CC      drivers/gpu/drm/i915/soc/intel_pch.o
  CC      drivers/base/auxiliary.o
  CC      drivers/base/devtmpfs.o
  CC      drivers/gpu/drm/i915/i915_memcpy.o
  CC      net/ipv4/udplite.o
  CC      drivers/gpu/drm/i915/i915_mm.o
  CC      drivers/base/node.o
  CC      drivers/gpu/drm/i915/i915_sw_fence.o
  CC      net/ipv4/udp_offload.o
  CC      drivers/gpu/drm/i915/i915_sw_fence_work.o
  CC      net/xfrm/xfrm_state.o
  CC      drivers/base/module.o
  CC      drivers/gpu/drm/i915/i915_syncmap.o
  CC      drivers/base/auxiliary_sysfs.o
  CC      drivers/gpu/drm/i915/i915_user_extensions.o
  CC      net/ipv4/arp.o
  CC      drivers/base/platform-msi.o
  CC      drivers/gpu/drm/i915/i915_ioc32.o
  CC      drivers/base/physical_location.o
  CC      drivers/gpu/drm/i915/i915_debugfs.o
  CC      drivers/base/trace.o
  CC      net/ipv4/icmp.o
  CC      net/xfrm/xfrm_hash.o
  AR      drivers/base/built-in.a
  AR      drivers/gpu/vga/built-in.a
  CC      drivers/gpu/drm/i915/i915_debugfs_params.o
  CC      net/xfrm/xfrm_input.o
  CC      net/unix/af_unix.o
  CC      drivers/gpu/drm/i915/i915_pmu.o
  CC      net/ipv4/devinet.o
  CC      net/xfrm/xfrm_output.o
  CC      drivers/gpu/drm/i915/gt/gen2_engine_cs.o
  CC      net/unix/garbage.o
  CC      net/xfrm/xfrm_sysctl.o
  CC      net/ipv4/af_inet.o
  CC      drivers/gpu/drm/i915/gt/gen6_engine_cs.o
  CC      net/unix/sysctl_net_unix.o
  CC      net/xfrm/xfrm_replay.o
  CC      drivers/gpu/drm/i915/gt/gen6_ppgtt.o
  AR      net/unix/built-in.a
  CC      net/ipv6/netfilter/ip6_tables.o
  CC      net/ipv4/igmp.o
  CC      drivers/gpu/drm/i915/gt/gen7_renderclear.o
  CC      net/xfrm/xfrm_device.o
  CC      net/ipv6/netfilter/ip6table_filter.o
  CC      drivers/gpu/drm/i915/gt/gen8_engine_cs.o
  CC      net/xfrm/xfrm_nat_keepalive.o
  CC      net/ipv6/netfilter/ip6table_mangle.o
  CC      net/ipv4/fib_frontend.o
  CC      drivers/gpu/drm/i915/gt/gen8_ppgtt.o
  CC      net/xfrm/xfrm_algo.o
  CC      net/ipv6/netfilter/nf_defrag_ipv6_hooks.o
  CC      net/xfrm/xfrm_user.o
  CC      drivers/gpu/drm/i915/gt/intel_breadcrumbs.o
  CC      net/ipv4/fib_semantics.o
  CC      net/ipv6/netfilter/nf_conntrack_reasm.o
  CC      drivers/gpu/drm/i915/gt/intel_context.o
  AR      net/xfrm/built-in.a
  CC      net/ipv4/fib_trie.o
  CC      net/ipv6/af_inet6.o
  CC      net/ipv6/netfilter/nf_reject_ipv6.o
  CC      drivers/gpu/drm/i915/gt/intel_context_sseu.o
  CC      drivers/gpu/drm/i915/gt/intel_engine_cs.o
  CC      net/ipv6/netfilter/ip6t_ipv6header.o
  CC      net/ipv6/netfilter/ip6t_REJECT.o
  CC      net/ipv4/fib_notifier.o
  AR      drivers/gpu/tests/built-in.a
  AR      drivers/gpu/drm/renesas/rcar-du/built-in.a
  AR      drivers/gpu/drm/renesas/rz-du/built-in.a
  AR      drivers/gpu/drm/renesas/built-in.a
  CC      net/packet/af_packet.o
  AR      net/ipv6/netfilter/built-in.a
  CC      net/ipv6/anycast.o
  CC      net/ipv4/inet_fragment.o
  CC      drivers/gpu/drm/i915/gt/intel_engine_heartbeat.o
  CC      net/ipv6/ip6_output.o
  CC      net/ipv4/ping.o
  CC      drivers/gpu/drm/i915/gt/intel_engine_pm.o
  AR      net/packet/built-in.a
  AR      net/dsa/built-in.a
  CC      net/sunrpc/auth_gss/auth_gss.o
  CC      drivers/gpu/drm/i915/gt/intel_engine_user.o
  CC      net/ipv4/ip_tunnel_core.o
  CC      net/ipv6/ip6_input.o
  CC      drivers/gpu/drm/i915/gt/intel_execlists_submission.o
  CC      net/ipv4/gre_offload.o
  CC      net/sunrpc/auth_gss/gss_generic_token.o
  CC      net/ipv6/addrconf.o
  CC      net/sunrpc/auth_gss/gss_mech_switch.o
  CC      net/ipv4/metrics.o
  CC      drivers/gpu/drm/i915/gt/intel_ggtt.o
  CC      net/ipv4/netlink.o
  CC      net/sunrpc/auth_gss/svcauth_gss.o
  CC      drivers/gpu/drm/i915/gt/intel_ggtt_fencing.o
  CC      net/ipv4/nexthop.o
  CC      net/ipv6/addrlabel.o
  CC      net/sunrpc/auth_gss/gss_rpc_upcall.o
  CC      drivers/gpu/drm/i915/gt/intel_gt.o
  CC      net/sunrpc/auth_gss/gss_rpc_xdr.o
  CC      net/ipv6/route.o
  CC      drivers/gpu/drm/i915/gt/intel_gt_buffer_pool.o
  CC      net/ipv4/udp_tunnel_stub.o
  CC      net/sunrpc/auth_gss/trace.o
  CC      drivers/gpu/drm/i915/gt/intel_gt_ccs_mode.o
  CC      net/ipv4/ip_tunnel.o
  CC      drivers/gpu/drm/i915/gt/intel_gt_clock_utils.o
  CC      net/sunrpc/auth_gss/gss_krb5_mech.o
  CC      drivers/gpu/drm/i915/gt/intel_gt_debugfs.o
  CC      net/ipv4/sysctl_net_ipv4.o
  CC      net/ipv6/ip6_fib.o
  CC      net/sunrpc/auth_gss/gss_krb5_seal.o
  CC      drivers/gpu/drm/i915/gt/intel_gt_engines_debugfs.o
  CC      net/ipv4/proc.o
  CC      net/sunrpc/auth_gss/gss_krb5_unseal.o
  CC      drivers/gpu/drm/i915/gt/intel_gt_irq.o
  CC      net/ipv6/ipv6_sockglue.o
  CC      net/ipv4/fib_rules.o
  CC      net/sunrpc/auth_gss/gss_krb5_wrap.o
  CC      drivers/gpu/drm/i915/gt/intel_gt_mcr.o
  CC      net/sunrpc/auth_gss/gss_krb5_crypto.o
  CC      net/ipv4/ipmr.o
  CC      net/ipv6/ndisc.o
  CC      drivers/gpu/drm/i915/gt/intel_gt_pm.o
  CC      net/sunrpc/auth_gss/gss_krb5_keys.o
  CC      drivers/gpu/drm/i915/gt/intel_gt_pm_debugfs.o
  CC      net/ipv6/udp.o
  CC      net/ipv4/ipmr_base.o
  AR      net/sunrpc/auth_gss/built-in.a
  CC      net/sunrpc/clnt.o
  CC      drivers/gpu/drm/i915/gt/intel_gt_pm_irq.o
  CC      net/ipv4/syncookies.o
  CC      drivers/gpu/drm/i915/gt/intel_gt_requests.o
  CC      net/ipv6/udplite.o
  CC      drivers/gpu/drm/i915/gt/intel_gt_sysfs.o
  CC      net/ipv4/tunnel4.o
  CC      net/ipv6/raw.o
  CC      net/sunrpc/xprt.o
  CC      drivers/gpu/drm/i915/gt/intel_gt_sysfs_pm.o
  CC      net/ipv4/ipconfig.o
  CC      drivers/gpu/drm/i915/gt/intel_gtt.o
  CC      net/ipv6/icmp.o
  CC      net/ipv4/netfilter.o
  CC      net/sunrpc/socklib.o
  CC      drivers/gpu/drm/i915/gt/intel_llc.o
  CC      net/ipv4/tcp_cubic.o
  CC      net/sunrpc/xprtsock.o
  CC      net/ipv6/mcast.o
  CC      drivers/gpu/drm/i915/gt/intel_lrc.o
  CC      net/ipv4/tcp_sigpool.o
  CC      drivers/gpu/drm/i915/gt/intel_migrate.o
  CC      net/ipv4/cipso_ipv4.o
  CC      net/ipv6/reassembly.o
  CC      net/sunrpc/sched.o
  CC      drivers/gpu/drm/i915/gt/intel_mocs.o
  CC      net/ipv6/tcp_ipv6.o
  CC      net/ipv4/xfrm4_policy.o
  CC      drivers/gpu/drm/i915/gt/intel_ppgtt.o
  CC      net/ipv4/xfrm4_state.o
  CC      drivers/gpu/drm/i915/gt/intel_rc6.o
  CC      net/ipv6/ping.o
  CC      net/ipv4/xfrm4_input.o
  CC      drivers/gpu/drm/i915/gt/intel_region_lmem.o
  CC      net/ipv6/exthdrs.o
  CC      net/ipv4/xfrm4_output.o
  CC      drivers/gpu/drm/i915/gt/intel_renderstate.o
  CC      net/sunrpc/auth.o
  CC      net/ipv4/xfrm4_protocol.o
  CC      net/ipv6/datagram.o
  CC      drivers/gpu/drm/i915/gt/intel_reset.o
  AR      net/ipv4/built-in.a
  AR      net/wireless/tests/built-in.a
  CC      net/wireless/core.o
  CC      net/ipv6/ip6_flowlabel.o
  CC      net/sunrpc/auth_null.o
  CC      drivers/gpu/drm/i915/gt/intel_ring.o
  CC      net/sunrpc/auth_tls.o
  CC      net/ipv6/inet6_connection_sock.o
  CC      drivers/gpu/drm/i915/gt/intel_ring_submission.o
  CC      net/sunrpc/auth_unix.o
  CC      net/wireless/sysfs.o
  CC      net/ipv6/udp_offload.o
  CC      drivers/gpu/drm/i915/gt/intel_rps.o
  CC      net/sunrpc/svc.o
  CC      net/ipv6/seg6.o
  CC      net/wireless/radiotap.o
  CC      net/ipv6/fib6_notifier.o
  CC      drivers/gpu/drm/i915/gt/intel_sa_media.o
  CC      net/wireless/util.o
  CC      net/sunrpc/svcsock.o
  CC      net/ipv6/rpl.o
  CC      drivers/gpu/drm/i915/gt/intel_sseu.o
  CC      net/ipv6/ioam6.o
  CC      drivers/gpu/drm/i915/gt/intel_sseu_debugfs.o
  CC      net/sunrpc/svcauth.o
  CC      net/wireless/reg.o
  CC      net/ipv6/sysctl_net_ipv6.o
  CC      drivers/gpu/drm/i915/gt/intel_timeline.o
  CC      net/ipv6/xfrm6_policy.o
  CC      net/sunrpc/svcauth_unix.o
  CC      drivers/gpu/drm/i915/gt/intel_tlb.o
  CC      net/ipv6/xfrm6_state.o
  CC      drivers/gpu/drm/i915/gt/intel_wopcm.o
  CC      net/wireless/scan.o
  CC      net/sunrpc/addr.o
  CC      drivers/gpu/drm/i915/gt/intel_workarounds.o
  CC      net/ipv6/xfrm6_input.o
  CC      net/sunrpc/rpcb_clnt.o
  CC      net/ipv6/xfrm6_output.o
  CC      drivers/gpu/drm/i915/gt/shmem_utils.o
  CC      net/sunrpc/timer.o
  CC      net/ipv6/xfrm6_protocol.o
  CC      net/wireless/nl80211.o
  CC      drivers/gpu/drm/i915/gt/sysfs_engines.o
  CC      net/sunrpc/xdr.o
  CC      net/ipv6/netfilter.o
  CC      drivers/gpu/drm/i915/gt/intel_ggtt_gmch.o
  CC      drivers/gpu/drm/i915/gt/gen6_renderstate.o
  CC      net/ipv6/proc.o
  CC      drivers/gpu/drm/i915/gt/gen7_renderstate.o
  CC      drivers/gpu/drm/i915/gt/gen8_renderstate.o
  CC      drivers/gpu/drm/i915/gt/gen9_renderstate.o
  CC      net/sunrpc/sunrpc_syms.o
  CC      drivers/gpu/drm/i915/gem/i915_gem_busy.o
  CC      net/ipv6/syncookies.o
  CC      drivers/gpu/drm/i915/gem/i915_gem_clflush.o
  CC      net/sunrpc/cache.o
  CC      net/ipv6/calipso.o
  CC      drivers/gpu/drm/i915/gem/i915_gem_context.o
  CC      net/ipv6/ah6.o
  CC      net/sunrpc/rpc_pipe.o
  CC      drivers/gpu/drm/i915/gem/i915_gem_create.o
  CC      net/ipv6/esp6.o
  CC      net/sunrpc/sysfs.o
  CC      drivers/gpu/drm/i915/gem/i915_gem_dmabuf.o
  CC      net/ipv6/sit.o
  CC      net/sunrpc/svc_xprt.o
  CC      drivers/gpu/drm/i915/gem/i915_gem_domain.o
  CC      drivers/gpu/drm/i915/gem/i915_gem_execbuffer.o
  CC      net/ipv6/addrconf_core.o
  CC      net/sunrpc/xprtmultipath.o
  CC      net/wireless/mlme.o
  CC      net/ipv6/exthdrs_core.o
  CC      net/sunrpc/stats.o
  CC      net/ipv6/ip6_checksum.o
  CC      drivers/gpu/drm/i915/gem/i915_gem_internal.o
  CC      net/ipv6/ip6_icmp.o
  CC      net/sunrpc/sysctl.o
  CC      drivers/gpu/drm/i915/gem/i915_gem_lmem.o
  CC      net/wireless/ibss.o
  CC      net/ipv6/output_core.o
  CC      drivers/gpu/drm/i915/gem/i915_gem_mman.o
  AR      net/sunrpc/built-in.a
  AR      net/mac80211/tests/built-in.a
  CC      net/mac80211/main.o
  CC      net/ipv6/protocol.o
  CC      net/wireless/sme.o
  CC      drivers/gpu/drm/i915/gem/i915_gem_object.o
  CC      net/ipv6/ip6_offload.o
  CC      net/mac80211/status.o
  CC      drivers/gpu/drm/i915/gem/i915_gem_pages.o
  CC      net/ipv6/tcpv6_offload.o
  CC      net/wireless/chan.o
  CC      drivers/gpu/drm/i915/gem/i915_gem_phys.o
  CC      net/mac80211/driver-ops.o
  CC      net/ipv6/exthdrs_offload.o
  CC      drivers/gpu/drm/i915/gem/i915_gem_pm.o
  CC      net/ipv6/inet6_hashtables.o
  CC      drivers/gpu/drm/i915/gem/i915_gem_region.o
  CC      net/wireless/ethtool.o
  CC      drivers/gpu/drm/i915/gem/i915_gem_shmem.o
  CC      net/mac80211/sta_info.o
  CC      net/ipv6/mcast_snoop.o
  CC      net/wireless/mesh.o
  AR      net/ipv6/built-in.a
  CC      drivers/block/loop.o
  CC      drivers/gpu/drm/i915/gem/i915_gem_shrinker.o
  CC      drivers/block/virtio_blk.o
  CC      net/wireless/ap.o
  CC      drivers/gpu/drm/i915/gem/i915_gem_stolen.o
  CC      net/mac80211/wep.o
  AR      drivers/block/built-in.a
  CC      net/wireless/trace.o
  CC      drivers/gpu/drm/i915/gem/i915_gem_throttle.o
  CC      net/mac80211/aead_api.o
  AR      drivers/gpu/drm/omapdrm/built-in.a
  CC      net/netlabel/netlabel_user.o
  CC      net/mac80211/wpa.o
  CC      drivers/gpu/drm/i915/gem/i915_gem_tiling.o
  CC      net/netlabel/netlabel_kapi.o
  CC      drivers/gpu/drm/i915/gem/i915_gem_ttm.o
  CC      net/mac80211/scan.o
  CC      net/netlabel/netlabel_domainhash.o
  CC      drivers/gpu/drm/i915/gem/i915_gem_ttm_move.o
  CC      net/netlabel/netlabel_addrlist.o
  CC      net/mac80211/offchannel.o
  CC      drivers/gpu/drm/i915/gem/i915_gem_ttm_pm.o
  CC      net/netlabel/netlabel_mgmt.o
  CC      drivers/gpu/drm/i915/gem/i915_gem_userptr.o
  CC      net/netlabel/netlabel_unlabeled.o
  CC      net/mac80211/ht.o
  CC      drivers/gpu/drm/i915/gem/i915_gem_wait.o
  CC      drivers/gpu/drm/i915/gem/i915_gemfs.o
  CC      net/netlabel/netlabel_cipso_v4.o
  CC      net/wireless/ocb.o
  CC      net/mac80211/agg-tx.o
  CC      drivers/gpu/drm/i915/i915_active.o
  CC      net/netlabel/netlabel_calipso.o
  CC      net/wireless/pmsr.o
  AR      net/netlabel/built-in.a
  CC      drivers/gpu/drm/i915/i915_cmd_parser.o
  CC      net/rfkill/core.o
  CC      net/mac80211/agg-rx.o
  CC      net/rfkill/input.o
  CC      drivers/gpu/drm/i915/i915_deps.o
  AR      net/rfkill/built-in.a
  CC      net/9p/mod.o
  GEN     net/wireless/shipped-certs.c
  CC      net/wireless/shipped-certs.o
  CC      drivers/gpu/drm/i915/i915_gem.o
  CC      net/9p/client.o
  CC      net/mac80211/vht.o
  AR      net/wireless/built-in.a
  CC [M]  drivers/gpu/arm/midgard/mali_kbase_cache_policy.o
  CC      drivers/gpu/drm/i915/i915_gem_evict.o
  CC [M]  drivers/gpu/arm/midgard/mali_kbase_ccswe.o
  CC      net/9p/error.o
  CC [M]  drivers/gpu/arm/midgard/mali_kbase_mem.o
  CC      net/9p/protocol.o
  CC      net/mac80211/he.o
  CC      drivers/gpu/drm/i915/i915_gem_gtt.o
  CC      net/9p/trans_common.o
  CC      drivers/gpu/drm/i915/i915_gem_ww.o
  CC      net/mac80211/s1g.o
  CC      net/9p/trans_fd.o
  CC [M]  drivers/gpu/arm/midgard/mali_kbase_reg_track.o
  CC      drivers/gpu/drm/i915/i915_query.o
  CC      net/9p/trans_virtio.o
  CC      drivers/gpu/drm/i915/i915_request.o
  CC [M]  drivers/gpu/arm/midgard/mali_kbase_mem_migrate.o
  CC      net/mac80211/ibss.o
  CC [M]  drivers/gpu/arm/midgard/mali_kbase_mem_pool_group.o
  AR      net/9p/built-in.a
  AR      drivers/misc/eeprom/built-in.a
  AR      drivers/misc/cb710/built-in.a
  AR      drivers/misc/ti-st/built-in.a
  AR      drivers/misc/lis3lv02d/built-in.a
  CC      drivers/misc/mei/init.o
  CC      drivers/gpu/drm/i915/i915_scheduler.o
  CC      drivers/misc/mei/hbm.o
  CC [M]  drivers/gpu/arm/midgard/mali_kbase_native_mgm.o
  CC      net/mac80211/iface.o
  CC      drivers/gpu/drm/i915/i915_trace_points.o
  CC      drivers/misc/mei/interrupt.o
  CC [M]  drivers/gpu/arm/midgard/mali_kbase_ctx_sched.o
  CC      drivers/misc/mei/client.o
  CC [M]  drivers/gpu/arm/midgard/mali_kbase_gpuprops.o
  CC      drivers/gpu/drm/i915/i915_ttm_buddy_manager.o
  CC      drivers/gpu/drm/i915/i915_vma.o
  CC      net/mac80211/link.o
  CC      drivers/misc/mei/main.o
  CC [M]  drivers/gpu/arm/midgard/mali_kbase_pm.o
  CC [M]  drivers/gpu/arm/midgard/mali_kbase_config.o
  CC      drivers/misc/mei/dma-ring.o
  CC      drivers/misc/mei/bus.o
  CC      net/mac80211/rate.o
  CC      drivers/gpu/drm/i915/i915_vma_resource.o
  CC [M]  drivers/gpu/arm/midgard/mali_kbase_kinstr_prfcnt.o
  CC      drivers/misc/mei/bus-fixup.o
  CC      drivers/gpu/drm/i915/gt/uc/intel_gsc_fw.o
  CC [M]  drivers/gpu/arm/midgard/mali_kbase_softjobs.o
  CC      drivers/misc/mei/debugfs.o
  CC      net/mac80211/michael.o
  CC      drivers/misc/mei/mei-trace.o
  CC      drivers/gpu/drm/i915/gt/uc/intel_gsc_proxy.o
  CC [M]  drivers/gpu/arm/midgard/mali_kbase_hw.o
  CC      net/mac80211/tkip.o
  CC      drivers/misc/mei/pci-me.o
  CC [M]  drivers/gpu/arm/midgard/mali_kbase_debug.o
  CC      drivers/gpu/drm/i915/gt/uc/intel_gsc_uc.o
  CC [M]  drivers/gpu/arm/midgard/mali_kbase_gpu_memory_debugfs.o
  CC      drivers/misc/mei/hw-me.o
  CC      drivers/gpu/drm/i915/gt/uc/intel_gsc_uc_debugfs.o
  CC      net/mac80211/aes_cmac.o
  CC [M]  drivers/gpu/arm/midgard/mali_kbase_mem_linux.o
  AR      drivers/misc/mei/built-in.a
  AR      drivers/misc/cardreader/built-in.a
  AR      drivers/misc/keba/built-in.a
  AR      drivers/misc/built-in.a
  AR      drivers/mfd/built-in.a
  AR      drivers/nfc/built-in.a
  AR      drivers/dax/hmem/built-in.a
  CC      drivers/gpu/drm/i915/gt/uc/intel_gsc_uc_heci_cmd_submit.o
  AR      drivers/dax/built-in.a
  AR      drivers/gpu/drm/tilcdc/built-in.a
  CC      drivers/gpu/buddy.o
  CC      net/mac80211/aes_gmac.o
  CC      drivers/gpu/drm/i915/gt/uc/intel_guc.o
  CC      net/dns_resolver/dns_key.o
  CC [M]  drivers/gpu/arm/midgard/mali_kbase_core_linux.o
  CC      net/mac80211/fils_aead.o
  CC      net/dns_resolver/dns_query.o
  CC      drivers/gpu/drm/i915/gt/uc/intel_guc_ads.o
  AR      net/dns_resolver/built-in.a
  CC      net/handshake/alert.o
  CC      net/mac80211/cfg.o
  CC      drivers/gpu/drm/i915/gt/uc/intel_guc_capture.o
  CC      net/handshake/genl.o
  CC [M]  drivers/gpu/arm/midgard/mali_kbase_mem_profile_debugfs.o
  CC      net/handshake/netlink.o
  CC [M]  drivers/gpu/arm/midgard/mali_kbase_disjoint_events.o
  CC      drivers/gpu/drm/i915/gt/uc/intel_guc_ct.o
  CC [M]  drivers/gpu/arm/midgard/mali_kbase_debug_mem_view.o
  CC      net/handshake/request.o
  CC      net/mac80211/ethtool.o
  CC      drivers/gpu/drm/i915/gt/uc/intel_guc_debugfs.o
  CC [M]  drivers/gpu/arm/midgard/mali_kbase_debug_mem_zones.o
  CC      net/handshake/tlshd.o
  CC      drivers/gpu/drm/i915/gt/uc/intel_guc_fw.o
  CC [M]  drivers/gpu/arm/midgard/mali_kbase_debug_mem_allocs.o
  CC      net/mac80211/rx.o
  CC      net/handshake/trace.o
  CC [M]  drivers/gpu/arm/midgard/mali_kbase_smc.o
  CC      drivers/gpu/drm/i915/gt/uc/intel_guc_hwconfig.o
  CC [M]  drivers/gpu/arm/midgard/mali_kbase_mem_pool.o
  AR      net/handshake/built-in.a
  CC      net/devres.o
  CC      drivers/gpu/drm/i915/gt/uc/intel_guc_log.o
  CC [M]  drivers/gpu/arm/midgard/mali_kbase_mem_pool_debugfs.o
  CC      net/socket.o
  CC      drivers/gpu/drm/i915/gt/uc/intel_guc_log_debugfs.o
  CC [M]  drivers/gpu/arm/midgard/mali_kbase_debugfs_helper.o
  CC [M]  drivers/gpu/arm/midgard/mali_kbase_as_fault_debugfs.o
  CC      drivers/gpu/drm/i915/gt/uc/intel_guc_rc.o
  CC      net/mac80211/spectmgmt.o
  CC [M]  drivers/gpu/arm/midgard/mali_kbase_dvfs_debugfs.o
  CC      drivers/gpu/drm/i915/gt/uc/intel_guc_slpc.o
  CC      net/mac80211/tx.o
  CC      net/compat.o
  CC [M]  drivers/gpu/arm/midgard/mali_power_gpu_frequency_trace.o
  CC      drivers/gpu/drm/i915/gt/uc/intel_guc_submission.o
  CC      drivers/dma-buf/dma-buf.o
  CC [M]  drivers/gpu/arm/midgard/mali_kbase_trace_gpu_mem.o
  CC [M]  drivers/gpu/arm/midgard/mali_kbase_pbha.o
  CC      drivers/dma-buf/dma-fence.o
  CC [M]  drivers/gpu/arm/midgard/mali_kbase_io.o
  CC      drivers/dma-buf/dma-fence-array.o
  CC      drivers/gpu/drm/i915/gt/uc/intel_huc.o
  CC      drivers/dma-buf/dma-fence-chain.o
  CC [M]  drivers/gpu/arm/midgard/mali_kbase_pbha_debugfs.o
  CC      net/mac80211/key.o
  CC      drivers/dma-buf/dma-fence-unwrap.o
  CC      drivers/gpu/drm/i915/gt/uc/intel_huc_debugfs.o
  CC      drivers/dma-buf/dma-resv.o
  CC [M]  drivers/gpu/arm/midgard/mali_kbase_fence_ops.o
  CC      drivers/gpu/drm/i915/gt/uc/intel_huc_fw.o
  CC      drivers/dma-buf/sync_file.o
  CC [M]  drivers/gpu/arm/midgard/mali_kbase_sync_file.o
  AR      drivers/dma-buf/built-in.a
  AR      drivers/cxl/core/built-in.a
  AR      drivers/cxl/built-in.a
  CC      drivers/macintosh/mac_hid.o
  CC      net/mac80211/util.o
  CC      drivers/gpu/drm/i915/gt/uc/intel_uc.o
  CC [M]  drivers/gpu/arm/midgard/mali_kbase_sync_common.o
  AR      drivers/macintosh/built-in.a
  AR      drivers/scsi/pcmcia/built-in.a
  CC      drivers/scsi/scsi.o
  CC      drivers/gpu/drm/i915/gt/uc/intel_uc_debugfs.o
  CC [M]  drivers/gpu/arm/midgard/mali_power_gpu_work_period_trace.o
  CC      drivers/scsi/hosts.o
  CC      drivers/gpu/drm/i915/gt/uc/intel_uc_fw.o
  CC [M]  drivers/gpu/arm/midgard/mali_kbase_gpu_metrics.o
  CC      drivers/scsi/scsi_ioctl.o
  CC [M]  drivers/gpu/arm/midgard/arbiter/mali_kbase_arbif.o
  CC      drivers/gpu/drm/i915/gt/intel_gsc.o
  CC      net/mac80211/parse.o
  CC      drivers/scsi/scsicam.o
  CC [M]  drivers/gpu/arm/midgard/arbiter/mali_kbase_arbiter_pm.o
  CC      drivers/gpu/drm/i915/i915_hwmon.o
  CC      drivers/scsi/scsi_error.o
  CC [M]  drivers/gpu/arm/midgard/context/mali_kbase_context.o
  CC      drivers/gpu/drm/i915/display/hsw_ips.o
  CC      net/mac80211/wme.o
  CC      drivers/scsi/scsi_lib.o
  CC [M]  drivers/gpu/arm/midgard/context/backend/mali_kbase_context_csf.o
  CC      drivers/gpu/drm/i915/display/i9xx_plane.o
  CC      net/mac80211/chan.o
  CC      drivers/scsi/constants.o
  CC [M]  drivers/gpu/arm/midgard/debug/mali_kbase_debug_ktrace.o
  CC      drivers/scsi/scsi_lib_dma.o
  CC [M]  drivers/gpu/arm/midgard/debug/backend/mali_kbase_debug_ktrace_csf.o
  CC      drivers/gpu/drm/i915/display/i9xx_wm.o
  CC      drivers/scsi/scsi_scan.o
  CC [M]  drivers/gpu/arm/midgard/device/mali_kbase_device.o
  CC      net/mac80211/trace.o
  GEN     drivers/scsi/scsi_devinfo_tbl.c
  CC      drivers/scsi/scsi_devinfo.o
  CC [M]  drivers/gpu/arm/midgard/device/mali_kbase_device_hw.o
  CC      drivers/scsi/scsi_sysctl.o
  CC [M]  drivers/gpu/arm/midgard/device/backend/mali_kbase_device_csf.o
  CC      drivers/gpu/drm/i915/display/intel_alpm.o
  CC      drivers/scsi/scsi_proc.o
  CC [M]  drivers/gpu/arm/midgard/device/backend/mali_kbase_device_hw_csf.o
  CC      drivers/scsi/scsi_debugfs.o
  CC      drivers/gpu/drm/i915/display/intel_atomic.o
  CC      drivers/scsi/scsi_trace.o
  CC [M]  drivers/gpu/arm/midgard/backend/gpu/mali_kbase_cache_policy_backend.o
  CC      drivers/scsi/scsi_logging.o
  CC [M]  drivers/gpu/arm/midgard/backend/gpu/mali_kbase_gpuprops_backend.o
  CC      drivers/gpu/drm/i915/display/intel_atomic_plane.o
  CC      drivers/scsi/scsi_pm.o
  CC [M]  drivers/gpu/arm/midgard/backend/gpu/mali_kbase_irq_linux.o
  CC      drivers/scsi/scsi_bsg.o
  CC      drivers/gpu/drm/i915/display/intel_audio.o
  CC [M]  drivers/gpu/arm/midgard/backend/gpu/mali_kbase_pm_backend.o
  CC      drivers/scsi/scsi_common.o
  CC      drivers/scsi/scsi_transport_spi.o
  CC      net/mac80211/mlme.o
  CC [M]  drivers/gpu/arm/midgard/backend/gpu/mali_kbase_pm_driver.o
  CC      drivers/gpu/drm/i915/display/intel_bios.o
  CC      drivers/scsi/virtio_scsi.o
  CC [M]  drivers/gpu/arm/midgard/backend/gpu/mali_kbase_pm_metrics.o
  CC      drivers/scsi/sd.o
  CC      drivers/gpu/drm/i915/display/intel_bw.o
  CC [M]  drivers/gpu/arm/midgard/backend/gpu/mali_kbase_pm_ca.o
  CC [M]  drivers/gpu/arm/midgard/backend/gpu/mali_kbase_pm_always_on.o
  CC      drivers/scsi/sr.o
  CC      drivers/gpu/drm/i915/display/intel_cdclk.o
  CC [M]  drivers/gpu/arm/midgard/backend/gpu/mali_kbase_pm_coarse_demand.o
  CC      net/mac80211/tdls.o
  CC      drivers/scsi/sr_ioctl.o
  CC [M]  drivers/gpu/arm/midgard/backend/gpu/mali_kbase_pm_policy.o
  CC      drivers/scsi/sr_vendor.o
  CC [M]  drivers/gpu/arm/midgard/backend/gpu/mali_kbase_time.o
  CC      drivers/gpu/drm/i915/display/intel_color.o
  CC      drivers/scsi/sg.o
  CC      net/mac80211/ocb.o
  CC [M]  drivers/gpu/arm/midgard/backend/gpu/mali_kbase_l2_mmu_config.o
  CC [M]  drivers/gpu/arm/midgard/backend/gpu/mali_kbase_clk_rate_trace_mgr.o
  CC      drivers/scsi/scsi_sysfs.o
  CC      net/mac80211/airtime.o
  CC [M]  drivers/gpu/arm/midgard/backend/gpu/mali_kbase_devfreq.o
  AR      drivers/scsi/built-in.a
  AR      drivers/nvme/common/built-in.a
  AR      drivers/nvme/host/built-in.a
  AR      drivers/nvme/target/built-in.a
  AR      drivers/nvme/built-in.a
  CC      drivers/gpu/drm/virtio/virtgpu_drv.o
  CC      drivers/gpu/drm/i915/display/intel_combo_phy.o
  CC [M]  drivers/gpu/arm/midgard/backend/gpu/mali_kbase_model_linux.o
  CC      drivers/gpu/drm/virtio/virtgpu_kms.o
  CC      drivers/gpu/drm/virtio/virtgpu_gem.o
  CC [M]  drivers/gpu/arm/midgard/backend/gpu/mali_kbase_model_dummy.o
  CC      drivers/gpu/drm/i915/display/intel_connector.o
  CC      net/mac80211/eht.o
  CC      drivers/gpu/drm/virtio/virtgpu_vram.o
  CC      drivers/gpu/drm/virtio/virtgpu_display.o
  CC      drivers/gpu/drm/i915/display/intel_crtc.o
  CC [M]  drivers/gpu/arm/midgard/mmu/mali_kbase_mmu.o
  CC      net/mac80211/led.o
  CC      drivers/gpu/drm/virtio/virtgpu_vq.o
  CC      drivers/gpu/drm/i915/display/intel_crtc_state_dump.o
  CC      net/mac80211/pm.o
  CC      drivers/gpu/drm/virtio/virtgpu_fence.o
  CC [M]  drivers/gpu/arm/midgard/mmu/mali_kbase_mmu_hw_direct.o
  CC      drivers/gpu/drm/virtio/virtgpu_object.o
  CC      drivers/gpu/drm/i915/display/intel_cursor.o
  CC      net/mac80211/rc80211_minstrel_ht.o
  CC      drivers/gpu/drm/virtio/virtgpu_debugfs.o
  CC [M]  drivers/gpu/arm/midgard/mmu/mali_kbase_mmu_faults_decoder_luts.o
  CC [M]  drivers/gpu/arm/midgard/mmu/mali_kbase_mmu_faults_decoder.o
  CC      drivers/gpu/drm/virtio/virtgpu_plane.o
  CC      drivers/gpu/drm/i915/display/intel_display.o
  CC [M]  drivers/gpu/arm/midgard/mmu/mali_kbase_mmu_mode_aarch64.o
  CC      drivers/gpu/drm/virtio/virtgpu_ioctl.o
  CC [M]  drivers/gpu/arm/midgard/mmu/backend/mali_kbase_mmu_csf.o
  CC      drivers/gpu/drm/virtio/virtgpu_prime.o
  CC      net/mac80211/wbrf.o
  CC [M]  drivers/gpu/arm/midgard/mmu/backend/mali_kbase_mmu_faults_decoder_luts_csf.o
  CC      drivers/gpu/drm/virtio/virtgpu_trace_points.o
  CC [M]  drivers/gpu/arm/midgard/tl/mali_kbase_timeline.o
  AR      net/mac80211/built-in.a
  CC      net/sysctl_net.o
  CC      drivers/gpu/drm/virtio/virtgpu_submit.o
  CC [M]  drivers/gpu/arm/midgard/tl/mali_kbase_timeline_io.o
  AR      drivers/gpu/drm/virtio/built-in.a
  AR      drivers/gpu/drm/imx/built-in.a
  AR      net/built-in.a
  AR      drivers/gpu/drm/i2c/built-in.a
  AR      drivers/gpu/drm/panel/built-in.a
  CC [M]  drivers/gpu/arm/midgard/tl/mali_kbase_tlstream.o
  AR      drivers/gpu/drm/bridge/analogix/built-in.a
  AR      drivers/gpu/drm/bridge/cadence/built-in.a
  AR      drivers/gpu/drm/bridge/imx/built-in.a
  AR      drivers/gpu/drm/bridge/synopsys/built-in.a
  AR      drivers/gpu/drm/bridge/built-in.a
  CC      drivers/gpu/drm/i915/display/intel_display_driver.o
  CC [M]  drivers/gpu/arm/midgard/tl/mali_kbase_tracepoints.o
  CC      drivers/ata/libata-core.o
  AR      drivers/net/phy/mediatek/built-in.a
  AR      drivers/net/phy/qcom/built-in.a
  CC      drivers/net/phy/mdio-boardinfo.o
  CC      drivers/gpu/drm/i915/display/intel_display_irq.o
  CC [M]  drivers/gpu/arm/midgard/tl/backend/mali_kbase_timeline_csf.o
  CC      drivers/net/phy/stubs.o
  CC [M]  drivers/gpu/arm/midgard/hwcnt/mali_kbase_hwcnt.o
  CC      drivers/net/phy/mdio_devres.o
  CC [M]  drivers/gpu/arm/midgard/hwcnt/mali_kbase_hwcnt_gpu.o
  CC      drivers/gpu/drm/i915/display/intel_display_params.o
  CC      drivers/net/phy/phy.o
  CC      drivers/gpu/drm/i915/display/intel_display_power.o
  CC      drivers/ata/libata-scsi.o
  CC [M]  drivers/gpu/arm/midgard/hwcnt/mali_kbase_hwcnt_types.o
  CC      drivers/net/phy/phy-c45.o
  CC [M]  drivers/gpu/arm/midgard/hwcnt/mali_kbase_hwcnt_virtualizer.o
  CC [M]  drivers/gpu/arm/midgard/hwcnt/mali_kbase_hwcnt_watchdog_if_timer.o
  CC      drivers/gpu/drm/i915/display/intel_display_power_map.o
  CC      drivers/ata/libata-eh.o
  CC      drivers/net/phy/phy-core.o
  CC [M]  drivers/gpu/arm/midgard/hwcnt/backend/mali_kbase_hwcnt_backend_csf.o
  CC      drivers/gpu/drm/i915/display/intel_display_power_well.o
  CC      drivers/net/phy/phy_device.o
  CC [M]  drivers/gpu/arm/midgard/hwcnt/backend/mali_kbase_hwcnt_backend_csf_if_fw.o
  CC      drivers/ata/libata-transport.o
  CC      drivers/gpu/drm/i915/display/intel_display_reset.o
  CC [M]  drivers/gpu/arm/midgard/gpu/mali_kbase_gpu.o
  CC      drivers/net/phy/linkmode.o
  CC      drivers/ata/libata-trace.o
  CC [M]  drivers/gpu/arm/midgard/gpu/backend/mali_kbase_gpu_fault_csf.o
  CC      drivers/net/phy/phy_link_topology.o
  CC      drivers/gpu/drm/i915/display/intel_display_rps.o
  CC      drivers/ata/libata-sata.o
  CC [M]  drivers/gpu/arm/midgard/hw_access/mali_kbase_hw_access.o
  CC      drivers/net/phy/mdio_bus.o
  CC      drivers/gpu/drm/i915/display/intel_display_wa.o
  CC      drivers/ata/libata-sff.o
  CC [M]  drivers/gpu/arm/midgard/hw_access/regmap/mali_kbase_regmap_csf.o
  CC      drivers/gpu/drm/i915/display/intel_dmc.o
  CC      drivers/net/phy/mdio_device.o
  CC [M]  drivers/gpu/arm/midgard/hw_access/backend/mali_kbase_hw_access_model_linux.o
  CC      drivers/net/phy/swphy.o
  CC      drivers/ata/libata-pmp.o
  CC      drivers/gpu/drm/i915/display/intel_dmc_wl.o
  CC [M]  drivers/gpu/arm/midgard/thirdparty/mali_kbase_mmap.o
  CC      drivers/net/phy/fixed_phy.o
  CC      drivers/ata/libata-acpi.o
  CC      drivers/gpu/drm/i915/display/intel_dpio_phy.o
  CC      drivers/net/phy/realtek.o
  CC [M]  drivers/gpu/arm/midgard/platform/vexpress/mali_kbase_config_vexpress.o
  CC      drivers/ata/libata-pata-timings.o
  CC [M]  drivers/gpu/arm/midgard/mali_kbase_platform_fake.o
  CC      drivers/ata/ahci.o
  AR      drivers/net/phy/built-in.a
  AR      drivers/net/pse-pd/built-in.a
  CC      drivers/net/mdio/acpi_mdio.o
  CC      drivers/gpu/drm/i915/display/intel_dpll.o
  CC [M]  drivers/gpu/arm/midgard/csf/mali_kbase_csf_util.o
  CC      drivers/net/mdio/fwnode_mdio.o
  CC      drivers/ata/libahci.o
  CC [M]  drivers/gpu/arm/midgard/csf/mali_kbase_csf_firmware_cfg.o
  AR      drivers/net/mdio/built-in.a
  AR      drivers/net/pcs/built-in.a
  AR      drivers/net/ethernet/3com/built-in.a
  AR      drivers/net/ethernet/8390/built-in.a
  AR      drivers/net/ethernet/adaptec/built-in.a
  AR      drivers/net/ethernet/agere/built-in.a
  AR      drivers/net/ethernet/alacritech/built-in.a
  AR      drivers/net/ethernet/alteon/built-in.a
  AR      drivers/net/ethernet/amazon/built-in.a
  AR      drivers/net/ethernet/amd/built-in.a
  AR      drivers/net/ethernet/aquantia/built-in.a
  AR      drivers/net/ethernet/arc/built-in.a
  AR      drivers/net/ethernet/asix/built-in.a
  AR      drivers/net/ethernet/atheros/built-in.a
  CC      drivers/gpu/drm/i915/display/intel_dpll_mgr.o
  AR      drivers/net/ethernet/cadence/built-in.a
  CC      drivers/net/ethernet/broadcom/tg3.o
  CC [M]  drivers/gpu/arm/midgard/csf/mali_kbase_csf_trace_buffer.o
  CC      drivers/ata/ata_piix.o
  CC [M]  drivers/gpu/arm/midgard/csf/mali_kbase_csf.o
  CC      drivers/ata/pata_amd.o
  CC      drivers/ata/pata_oldpiix.o
  CC      drivers/gpu/drm/i915/display/intel_dpt.o
  CC      drivers/ata/pata_sch.o
  CC [M]  drivers/gpu/arm/midgard/csf/mali_kbase_csf_scheduler.o
  AR      drivers/ata/built-in.a
  CC      drivers/gpu/drm/i915/display/intel_dpt_common.o
  AR      drivers/gpu/drm/hisilicon/built-in.a
  AR      drivers/gpu/drm/mxsfb/built-in.a
  AR      drivers/net/wireless/admtek/built-in.a
  AR      drivers/net/wireless/ath/built-in.a
  AR      drivers/net/wireless/atmel/built-in.a
  AR      drivers/net/wireless/broadcom/built-in.a
  AR      drivers/net/wireless/intel/built-in.a
  AR      drivers/net/wireless/intersil/built-in.a
  AR      drivers/net/wireless/marvell/built-in.a
  AR      drivers/net/wireless/mediatek/built-in.a
  AR      drivers/net/wireless/microchip/built-in.a
  AR      drivers/net/wireless/purelifi/built-in.a
  AR      drivers/net/wireless/quantenna/built-in.a
  AR      drivers/net/wireless/ralink/built-in.a
  AR      drivers/net/wireless/realtek/built-in.a
  AR      drivers/net/wireless/rsi/built-in.a
  AR      drivers/net/wireless/silabs/built-in.a
  AR      drivers/net/wireless/st/built-in.a
  AR      drivers/net/wireless/ti/built-in.a
  AR      drivers/net/wireless/zydas/built-in.a
  AR      drivers/net/wireless/virtual/built-in.a
  AR      drivers/net/wireless/built-in.a
  AR      drivers/net/ethernet/brocade/built-in.a
  AR      drivers/gpu/drm/tiny/built-in.a
  CC [M]  drivers/gpu/arm/midgard/csf/mali_kbase_csf_kcpu.o
  CC      drivers/gpu/drm/i915/display/intel_drrs.o
  CC      drivers/gpu/drm/i915/display/intel_dsb.o
  CC [M]  drivers/gpu/arm/midgard/csf/mali_kbase_csf_tiler_heap.o
  AR      drivers/net/usb/built-in.a
  CC      drivers/net/mii.o
  CC [M]  drivers/gpu/arm/midgard/csf/mali_kbase_csf_timeout.o
  CC      drivers/gpu/drm/i915/display/intel_dsb_buffer.o
  CC      drivers/firewire/init_ohci1394_dma.o
  AR      drivers/firewire/built-in.a
  AR      drivers/net/ethernet/broadcom/built-in.a
  CC      drivers/cdrom/cdrom.o
  AR      drivers/net/ethernet/cavium/common/built-in.a
  AR      drivers/net/ethernet/cavium/thunder/built-in.a
  CC [M]  drivers/gpu/arm/midgard/csf/mali_kbase_csf_tl_reader.o
  AR      drivers/net/ethernet/cavium/liquidio/built-in.a
  AR      drivers/net/ethernet/cavium/octeon/built-in.a
  AR      drivers/net/ethernet/cavium/built-in.a
  AR      drivers/net/ethernet/chelsio/built-in.a
  AR      drivers/net/ethernet/cisco/built-in.a
  AR      drivers/net/ethernet/cortina/built-in.a
  AR      drivers/net/ethernet/dec/tulip/built-in.a
  AR      drivers/net/ethernet/dec/built-in.a
  AR      drivers/net/ethernet/dlink/built-in.a
  AR      drivers/net/ethernet/emulex/built-in.a
  AR      drivers/net/ethernet/engleder/built-in.a
  AR      drivers/net/ethernet/ezchip/built-in.a
  AR      drivers/net/ethernet/fujitsu/built-in.a
  AR      drivers/net/ethernet/fungible/built-in.a
  AR      drivers/net/ethernet/google/built-in.a
  CC      drivers/gpu/drm/i915/display/intel_fb.o
  AR      drivers/net/ethernet/huawei/built-in.a
  CC      drivers/net/ethernet/intel/e1000/e1000_main.o
  CC [M]  drivers/gpu/arm/midgard/csf/mali_kbase_csf_heap_context_alloc.o
  AR      drivers/cdrom/built-in.a
  CC      drivers/net/ethernet/intel/e1000e/82571.o
  CC [M]  drivers/gpu/arm/midgard/csf/mali_kbase_csf_reset_gpu.o
  CC      drivers/gpu/drm/i915/display/intel_fb_bo.o
  CC [M]  drivers/gpu/arm/midgard/csf/mali_kbase_csf_csg.o
  CC      drivers/net/ethernet/intel/e1000e/ich8lan.o
  CC      drivers/gpu/drm/i915/display/intel_fb_pin.o
  CC      drivers/net/ethernet/intel/e1000/e1000_hw.o
  CC [M]  drivers/gpu/arm/midgard/csf/mali_kbase_csf_csg_debugfs.o
  CC      drivers/gpu/drm/i915/display/intel_fbc.o
  CC [M]  drivers/gpu/arm/midgard/csf/mali_kbase_csf_kcpu_debugfs.o
  CC      drivers/net/ethernet/intel/e1000e/80003es2lan.o
  CC      drivers/net/ethernet/intel/e1000/e1000_ethtool.o
  CC [M]  drivers/gpu/arm/midgard/csf/mali_kbase_csf_sync.o
  CC      drivers/gpu/drm/i915/display/intel_fdi.o
  CC      drivers/net/ethernet/intel/e1000e/mac.o
  CC [M]  drivers/gpu/arm/midgard/csf/mali_kbase_csf_sync_debugfs.o
  CC      drivers/net/ethernet/intel/e1000/e1000_param.o
  CC      drivers/net/ethernet/intel/e1000e/manage.o
  CC [M]  drivers/gpu/arm/midgard/csf/mali_kbase_csf_kcpu_fence_debugfs.o
  CC      drivers/gpu/drm/i915/display/intel_fifo_underrun.o
  AR      drivers/net/ethernet/intel/e1000/built-in.a
  AR      drivers/gpu/drm/xlnx/built-in.a
  AR      drivers/gpu/drm/gud/built-in.a
  CC      drivers/net/loopback.o
  CC      drivers/net/ethernet/intel/e1000e/nvm.o
  CC [M]  drivers/gpu/arm/midgard/csf/mali_kbase_csf_protected_memory.o
  AR      drivers/net/ethernet/i825xx/built-in.a
  AR      drivers/gpu/drm/solomon/built-in.a
  AR      drivers/auxdisplay/built-in.a
  CC      drivers/gpu/drm/i915/display/intel_frontbuffer.o
  CC      drivers/gpu/drm/drm_aperture.o
  CC [M]  drivers/gpu/arm/midgard/csf/mali_kbase_csf_tiler_heap_debugfs.o
  CC      drivers/net/ethernet/intel/e1000e/phy.o
  CC      drivers/pcmcia/cs.o
  CC      drivers/gpu/drm/i915/display/intel_global_state.o
  CC [M]  drivers/gpu/arm/midgard/csf/mali_kbase_csf_cpu_queue.o
  CC      drivers/pcmcia/socket_sysfs.o
  CC      drivers/net/ethernet/intel/e1000e/param.o
  CC      drivers/pcmcia/cardbus.o
  CC      drivers/gpu/drm/i915/display/intel_hdcp.o
  CC [M]  drivers/gpu/arm/midgard/csf/mali_kbase_csf_cpu_queue_debugfs.o
  CC      drivers/pcmcia/ds.o
  CC      drivers/net/ethernet/intel/e1000e/ethtool.o
  CC [M]  drivers/gpu/arm/midgard/csf/mali_kbase_csf_event.o
  CC      drivers/pcmcia/pcmcia_resource.o
  CC [M]  drivers/gpu/arm/midgard/csf/mali_kbase_csf_firmware_log.o
  CC      drivers/gpu/drm/i915/display/intel_hdcp_gsc.o
  CC      drivers/net/ethernet/intel/e1000e/netdev.o
  CC      drivers/pcmcia/cistpl.o
  CC [M]  drivers/gpu/arm/midgard/csf/mali_kbase_csf_firmware_core_dump.o
  CC      drivers/gpu/drm/i915/display/intel_hdcp_gsc_message.o
  CC [M]  drivers/gpu/arm/midgard/csf/mali_kbase_csf_tiler_heap_reclaim.o
  CC      drivers/pcmcia/pcmcia_cis.o
  CC      drivers/gpu/drm/i915/display/intel_hotplug.o
  CC      drivers/pcmcia/rsrc_mgr.o
  CC [M]  drivers/gpu/arm/midgard/csf/mali_kbase_csf_mcu_shared_reg.o
  CC      drivers/pcmcia/rsrc_nonstatic.o
  CC      drivers/gpu/drm/i915/display/intel_hotplug_irq.o
  CC [M]  drivers/gpu/arm/midgard/csf/mali_kbase_csf_ne_debugfs.o
  CC      drivers/pcmcia/yenta_socket.o
  CC      drivers/net/ethernet/intel/e1000e/ptp.o
  CC [M]  drivers/gpu/arm/midgard/csf/mali_kbase_csf_firmware_no_mali.o
  CC      drivers/gpu/drm/i915/display/intel_hti.o
  AR      drivers/pcmcia/built-in.a
  CC      drivers/usb/common/common.o
  AR      drivers/net/ethernet/intel/e1000e/built-in.a
  CC      drivers/net/ethernet/intel/e100.o
  CC [M]  drivers/gpu/arm/midgard/csf/mali_kbase_csf_fw_io_no_mali.o
  CC      drivers/usb/common/debug.o
  AR      drivers/usb/common/built-in.a
  CC      drivers/usb/core/usb.o
  CC      drivers/gpu/drm/i915/display/intel_link_bw.o
  CC [M]  drivers/gpu/arm/midgard/csf/mali_kbase_debug_csf_fault.o
  CC      drivers/usb/core/hub.o
  CC      drivers/gpu/drm/i915/display/intel_load_detect.o
  AR      drivers/net/ethernet/intel/built-in.a
  AR      drivers/net/ethernet/microsoft/built-in.a
  AR      drivers/net/ethernet/litex/built-in.a
  AR      drivers/net/ethernet/marvell/octeon_ep/built-in.a
  AR      drivers/net/ethernet/marvell/octeon_ep_vf/built-in.a
  AR      drivers/net/ethernet/marvell/octeontx2/built-in.a
  AR      drivers/net/ethernet/marvell/prestera/built-in.a
  CC      drivers/net/ethernet/marvell/sky2.o
  CC [M]  drivers/gpu/arm/midgard/csf/ipa_control/mali_kbase_csf_ipa_control.o
  CC      drivers/gpu/drm/i915/display/intel_lpe_audio.o
  CC [M]  drivers/gpu/arm/midgard/ipa/mali_kbase_ipa_simple.o
  CC      drivers/gpu/drm/i915/display/intel_modeset_lock.o
  CC      drivers/usb/core/hcd.o
  CC [M]  drivers/gpu/arm/midgard/ipa/mali_kbase_ipa.o
  AR      drivers/net/ethernet/marvell/built-in.a
  AR      drivers/net/ethernet/mellanox/built-in.a
  AR      drivers/net/ethernet/meta/built-in.a
  AR      drivers/net/ethernet/micrel/built-in.a
  AR      drivers/net/ethernet/microchip/built-in.a
  AR      drivers/net/ethernet/mscc/built-in.a
  AR      drivers/net/ethernet/myricom/built-in.a
  AR      drivers/net/ethernet/natsemi/built-in.a
  AR      drivers/net/ethernet/neterion/built-in.a
  AR      drivers/net/ethernet/netronome/built-in.a
  AR      drivers/net/ethernet/ni/built-in.a
  CC      drivers/net/ethernet/nvidia/forcedeth.o
  CC      drivers/gpu/drm/i915/display/intel_modeset_setup.o
  CC [M]  drivers/gpu/arm/midgard/ipa/backend/mali_kbase_ipa_counter_csf.o
  CC      drivers/usb/core/urb.o
  CC [M]  drivers/gpu/arm/midgard/ipa/backend/mali_kbase_ipa_counter_common_csf.o
  CC      drivers/gpu/drm/i915/display/intel_modeset_verify.o
  CC      drivers/usb/core/message.o
  CC [M]  drivers/gpu/arm/midgard/ipa/mali_kbase_ipa_debugfs.o
  CC      drivers/gpu/drm/i915/display/intel_overlay.o
  AR      drivers/net/ethernet/nvidia/built-in.a
  AR      drivers/net/ethernet/oki-semi/built-in.a
  AR      drivers/net/ethernet/packetengines/built-in.a
  AR      drivers/net/ethernet/qlogic/built-in.a
  AR      drivers/net/ethernet/qualcomm/emac/built-in.a
  AR      drivers/net/ethernet/qualcomm/built-in.a
  CC      drivers/net/ethernet/realtek/8139too.o
  CC      drivers/usb/core/driver.o
  LD [M]  drivers/gpu/arm/midgard/mali_kbase.o
  CC      drivers/usb/core/config.o
  CC      drivers/net/netconsole.o
  CC      drivers/gpu/drm/i915/display/intel_pch_display.o
  CC      drivers/net/ethernet/realtek/r8169_main.o
  CC      drivers/usb/core/file.o
  CC      drivers/gpu/drm/drm_atomic.o
  CC      drivers/usb/core/buffer.o
  CC      drivers/gpu/drm/i915/display/intel_pch_refclk.o
  CC      drivers/usb/core/sysfs.o
  CC      drivers/gpu/drm/drm_atomic_uapi.o
  CC      drivers/usb/core/endpoint.o
  CC      drivers/gpu/drm/i915/display/intel_plane_initial.o
  CC      drivers/usb/core/devio.o
  CC      drivers/net/ethernet/realtek/r8169_firmware.o
  CC      drivers/input/serio/serio.o
  CC      drivers/net/ethernet/realtek/r8169_phy_config.o
  CC      drivers/input/serio/i8042.o
  CC      drivers/gpu/drm/i915/display/intel_pmdemand.o
  AR      drivers/net/ethernet/realtek/built-in.a
  AR      drivers/net/ethernet/renesas/built-in.a
  CC      drivers/usb/core/notify.o
  AR      drivers/net/ethernet/rdc/built-in.a
  AR      drivers/net/ethernet/rocker/built-in.a
  AR      drivers/net/ethernet/samsung/built-in.a
  AR      drivers/net/ethernet/seeq/built-in.a
  AR      drivers/net/ethernet/silan/built-in.a
  AR      drivers/net/ethernet/sis/built-in.a
  AR      drivers/net/ethernet/sfc/built-in.a
  AR      drivers/net/ethernet/smsc/built-in.a
  AR      drivers/net/ethernet/socionext/built-in.a
  AR      drivers/net/ethernet/stmicro/built-in.a
  AR      drivers/net/ethernet/sun/built-in.a
  AR      drivers/net/ethernet/tehuti/built-in.a
  CC      drivers/input/serio/serport.o
  AR      drivers/net/ethernet/ti/built-in.a
  AR      drivers/net/ethernet/vertexcom/built-in.a
  AR      drivers/net/ethernet/via/built-in.a
  AR      drivers/net/ethernet/wangxun/built-in.a
  AR      drivers/net/ethernet/wiznet/built-in.a
  AR      drivers/net/ethernet/xilinx/built-in.a
  AR      drivers/net/ethernet/xircom/built-in.a
  AR      drivers/net/ethernet/synopsys/built-in.a
  AR      drivers/net/ethernet/pensando/built-in.a
  AR      drivers/net/ethernet/built-in.a
  CC      drivers/usb/core/generic.o
  CC      drivers/net/virtio_net.o
  CC      drivers/gpu/drm/i915/display/intel_psr.o
  CC      drivers/input/serio/libps2.o
  CC      drivers/usb/core/quirks.o
  AR      drivers/input/serio/built-in.a
  CC      drivers/input/keyboard/atkbd.o
  CC      drivers/usb/core/devices.o
  AR      drivers/input/keyboard/built-in.a
  CC      drivers/input/mouse/psmouse-base.o
  CC      drivers/usb/core/phy.o
  CC      drivers/gpu/drm/i915/display/intel_quirks.o
  CC      drivers/usb/core/port.o
  CC      drivers/input/mouse/synaptics.o
  CC      drivers/usb/core/hcd-pci.o
  CC      drivers/net/net_failover.o
  CC      drivers/gpu/drm/i915/display/intel_sprite.o
  CC      drivers/input/mouse/focaltech.o
  CC      drivers/usb/core/usb-acpi.o
  CC      drivers/input/mouse/alps.o
  AR      drivers/net/built-in.a
  CC      drivers/rtc/lib.o
  AR      drivers/usb/core/built-in.a
  AR      drivers/usb/phy/built-in.a
  CC      drivers/usb/mon/mon_main.o
  CC      drivers/rtc/class.o
  CC      drivers/gpu/drm/i915/display/intel_sprite_uapi.o
  CC      drivers/usb/mon/mon_stat.o
  CC      drivers/input/mouse/byd.o
  CC      drivers/rtc/interface.o
  CC      drivers/usb/mon/mon_text.o
  CC      drivers/gpu/drm/i915/display/intel_tc.o
  CC      drivers/input/mouse/logips2pp.o
  CC      drivers/usb/mon/mon_bin.o
  CC      drivers/input/mouse/lifebook.o
  CC      drivers/rtc/nvmem.o
  CC      drivers/input/mouse/trackpoint.o
  CC      drivers/rtc/dev.o
  AR      drivers/usb/mon/built-in.a
  CC      drivers/usb/host/pci-quirks.o
  CC      drivers/gpu/drm/i915/display/intel_vblank.o
  CC      drivers/rtc/proc.o
  CC      drivers/input/mouse/cypress_ps2.o
  CC      drivers/rtc/sysfs.o
  CC      drivers/usb/host/ehci-hcd.o
  CC      drivers/input/mouse/psmouse-smbus.o
  CC      drivers/gpu/drm/i915/display/intel_vga.o
  CC      drivers/rtc/rtc-mc146818-lib.o
  AR      drivers/input/mouse/built-in.a
  AR      drivers/input/joystick/built-in.a
  AR      drivers/input/tablet/built-in.a
  AR      drivers/input/touchscreen/built-in.a
  AR      drivers/input/misc/built-in.a
  CC      drivers/input/input.o
  CC      drivers/rtc/rtc-cmos.o
  CC      drivers/gpu/drm/i915/display/intel_wm.o
  AR      drivers/rtc/built-in.a
  CC      drivers/i2c/algos/i2c-algo-bit.o
  CC      drivers/input/input-compat.o
  CC      drivers/usb/host/ehci-pci.o
  CC      drivers/gpu/drm/i915/display/skl_scaler.o
  CC      drivers/input/input-mt.o
  AR      drivers/i2c/algos/built-in.a
  CC      drivers/i2c/busses/i2c-i801.o
  CC      drivers/usb/host/ohci-hcd.o
  CC      drivers/input/input-poller.o
  CC      drivers/gpu/drm/i915/display/skl_universal_plane.o
  CC      drivers/input/ff-core.o
  AR      drivers/i2c/busses/built-in.a
  AR      drivers/i2c/muxes/built-in.a
  CC      drivers/i2c/i2c-boardinfo.o
  CC      drivers/input/touchscreen.o
  CC      drivers/usb/host/ohci-pci.o
  CC      drivers/i2c/i2c-core-base.o
  CC      drivers/input/ff-memless.o
  CC      drivers/usb/host/uhci-hcd.o
  CC      drivers/input/sparse-keymap.o
  CC      drivers/gpu/drm/i915/display/skl_watermark.o
  CC      drivers/i2c/i2c-core-smbus.o
  CC      drivers/input/vivaldi-fmap.o
  CC      drivers/usb/host/xhci.o
  CC      drivers/input/input-leds.o
  CC      drivers/i2c/i2c-core-acpi.o
  CC      drivers/input/evdev.o
  CC      drivers/i2c/i2c-smbus.o
  AR      drivers/input/built-in.a
  CC      drivers/gpu/drm/drm_auth.o
  CC      drivers/gpu/drm/i915/display/intel_acpi.o
  AR      drivers/i2c/built-in.a
  AR      drivers/i3c/built-in.a
  CC      drivers/usb/class/usblp.o
  CC      drivers/usb/host/xhci-mem.o
  CC      drivers/usb/storage/scsiglue.o
  CC      drivers/gpu/drm/i915/display/intel_opregion.o
  AR      drivers/usb/class/built-in.a
  AR      drivers/usb/misc/built-in.a
  CC      drivers/usb/host/xhci-ext-caps.o
  CC      drivers/usb/storage/protocol.o
  CC      drivers/usb/host/xhci-ring.o
  CC      drivers/usb/storage/transport.o
  CC      drivers/gpu/drm/drm_blend.o
  CC      drivers/gpu/drm/i915/display/intel_display_debugfs.o
  CC      drivers/gpu/drm/i915/display/intel_display_debugfs_params.o
  CC      drivers/usb/storage/usb.o
  AR      drivers/media/i2c/built-in.a
  AR      drivers/media/tuners/built-in.a
  AR      drivers/media/rc/keymaps/built-in.a
  AR      drivers/media/rc/built-in.a
  AR      drivers/media/common/b2c2/built-in.a
  AR      drivers/media/common/saa7146/built-in.a
  AR      drivers/media/common/siano/built-in.a
  AR      drivers/media/common/v4l2-tpg/built-in.a
  CC      drivers/usb/storage/initializers.o
  AR      drivers/media/common/videobuf2/built-in.a
  AR      drivers/media/common/built-in.a
  CC      drivers/gpu/drm/i915/display/intel_pipe_crc.o
  AR      drivers/media/platform/allegro-dvt/built-in.a
  AR      drivers/media/platform/amlogic/meson-ge2d/built-in.a
  AR      drivers/media/platform/amlogic/built-in.a
  AR      drivers/media/platform/amphion/built-in.a
  AR      drivers/media/platform/aspeed/built-in.a
  AR      drivers/media/platform/atmel/built-in.a
  AR      drivers/media/platform/broadcom/built-in.a
  AR      drivers/media/platform/cadence/built-in.a
  AR      drivers/media/platform/chips-media/coda/built-in.a
  AR      drivers/media/platform/chips-media/wave5/built-in.a
  AR      drivers/media/platform/chips-media/built-in.a
  AR      drivers/media/platform/imagination/built-in.a
  CC      drivers/usb/host/xhci-hub.o
  AR      drivers/media/platform/intel/built-in.a
  AR      drivers/media/platform/marvell/built-in.a
  AR      drivers/media/platform/mediatek/jpeg/built-in.a
  AR      drivers/media/platform/mediatek/mdp/built-in.a
  AR      drivers/media/platform/mediatek/vcodec/common/built-in.a
  AR      drivers/media/platform/mediatek/vcodec/encoder/built-in.a
  AR      drivers/media/platform/mediatek/vcodec/decoder/built-in.a
  AR      drivers/media/platform/mediatek/vcodec/built-in.a
  AR      drivers/media/platform/mediatek/vpu/built-in.a
  AR      drivers/media/platform/mediatek/mdp3/built-in.a
  AR      drivers/media/platform/mediatek/built-in.a
  AR      drivers/media/platform/microchip/built-in.a
  CC      drivers/usb/storage/sierra_ms.o
  AR      drivers/media/platform/nuvoton/built-in.a
  AR      drivers/media/platform/nvidia/tegra-vde/built-in.a
  AR      drivers/media/platform/nvidia/built-in.a
  AR      drivers/media/platform/nxp/dw100/built-in.a
  AR      drivers/media/platform/nxp/imx-jpeg/built-in.a
  AR      drivers/media/platform/nxp/imx8-isi/built-in.a
  AR      drivers/media/platform/nxp/built-in.a
  AR      drivers/media/platform/qcom/camss/built-in.a
  AR      drivers/media/platform/qcom/venus/built-in.a
  AR      drivers/media/platform/qcom/built-in.a
  AR      drivers/media/platform/raspberrypi/pisp_be/built-in.a
  AR      drivers/media/platform/raspberrypi/built-in.a
  AR      drivers/media/platform/renesas/rcar-vin/built-in.a
  AR      drivers/media/platform/renesas/rzg2l-cru/built-in.a
  AR      drivers/media/platform/renesas/vsp1/built-in.a
  AR      drivers/media/platform/renesas/built-in.a
  AR      drivers/media/platform/rockchip/rga/built-in.a
  AR      drivers/media/platform/rockchip/rkisp1/built-in.a
  AR      drivers/media/platform/rockchip/built-in.a
  AR      drivers/media/platform/samsung/exynos-gsc/built-in.a
  AR      drivers/media/platform/samsung/exynos4-is/built-in.a
  AR      drivers/media/platform/samsung/s3c-camif/built-in.a
  AR      drivers/media/platform/samsung/s5p-g2d/built-in.a
  AR      drivers/media/platform/samsung/s5p-jpeg/built-in.a
  AR      drivers/media/platform/samsung/s5p-mfc/built-in.a
  AR      drivers/media/platform/samsung/built-in.a
  CC      drivers/gpu/drm/i915/display/dvo_ch7017.o
  AR      drivers/media/platform/st/sti/bdisp/built-in.a
  AR      drivers/media/platform/st/sti/c8sectpfe/built-in.a
  CC      drivers/usb/storage/option_ms.o
  AR      drivers/media/platform/st/sti/delta/built-in.a
  AR      drivers/media/platform/st/sti/hva/built-in.a
  AR      drivers/media/platform/st/stm32/built-in.a
  AR      drivers/media/platform/st/built-in.a
  AR      drivers/media/platform/sunxi/sun4i-csi/built-in.a
  AR      drivers/media/platform/sunxi/sun6i-csi/built-in.a
  AR      drivers/media/platform/sunxi/sun6i-mipi-csi2/built-in.a
  AR      drivers/media/platform/sunxi/sun8i-a83t-mipi-csi2/built-in.a
  AR      drivers/media/platform/sunxi/sun8i-di/built-in.a
  AR      drivers/media/platform/sunxi/sun8i-rotate/built-in.a
  AR      drivers/media/platform/sunxi/built-in.a
  AR      drivers/media/platform/ti/am437x/built-in.a
  AR      drivers/media/platform/ti/cal/built-in.a
  AR      drivers/media/platform/ti/vpe/built-in.a
  AR      drivers/media/platform/ti/davinci/built-in.a
  AR      drivers/media/platform/ti/j721e-csi2rx/built-in.a
  AR      drivers/media/platform/ti/omap/built-in.a
  AR      drivers/media/platform/ti/omap3isp/built-in.a
  AR      drivers/media/platform/ti/built-in.a
  CC      drivers/usb/host/xhci-dbg.o
  AR      drivers/media/platform/verisilicon/built-in.a
  AR      drivers/media/platform/via/built-in.a
  AR      drivers/media/platform/xilinx/built-in.a
  AR      drivers/media/platform/built-in.a
  CC      drivers/usb/storage/usual-tables.o
  AR      drivers/media/pci/ttpci/built-in.a
  AR      drivers/media/pci/b2c2/built-in.a
  AR      drivers/media/pci/pluto2/built-in.a
  AR      drivers/media/pci/dm1105/built-in.a
  AR      drivers/media/pci/pt1/built-in.a
  AR      drivers/media/pci/pt3/built-in.a
  AR      drivers/media/pci/mantis/built-in.a
  AR      drivers/media/pci/ngene/built-in.a
  AR      drivers/media/pci/ddbridge/built-in.a
  AR      drivers/media/pci/saa7146/built-in.a
  AR      drivers/media/pci/smipcie/built-in.a
  AR      drivers/media/pci/netup_unidvb/built-in.a
  AR      drivers/media/pci/intel/ipu3/built-in.a
  AR      drivers/media/pci/intel/ivsc/built-in.a
  AR      drivers/media/pci/intel/built-in.a
  AR      drivers/media/pci/built-in.a
  CC      drivers/gpu/drm/i915/display/dvo_ch7xxx.o
  CC      drivers/usb/host/xhci-trace.o
  AR      drivers/media/usb/b2c2/built-in.a
  AR      drivers/media/usb/dvb-usb/built-in.a
  AR      drivers/media/usb/dvb-usb-v2/built-in.a
  AR      drivers/usb/storage/built-in.a
  CC      drivers/gpu/drm/drm_bridge.o
  AR      drivers/media/usb/s2255/built-in.a
  AR      drivers/media/usb/siano/built-in.a
  AR      drivers/media/usb/ttusb-budget/built-in.a
  AR      drivers/media/usb/ttusb-dec/built-in.a
  AR      drivers/media/usb/built-in.a
  AR      drivers/media/mmc/siano/built-in.a
  AR      drivers/media/mmc/built-in.a
  AR      drivers/media/firewire/built-in.a
  AR      drivers/media/spi/built-in.a
  AR      drivers/media/test-drivers/built-in.a
  AR      drivers/media/built-in.a
  AR      drivers/pps/clients/built-in.a
  AR      drivers/pps/generators/built-in.a
  CC      drivers/pps/pps.o
  CC      drivers/gpu/drm/i915/display/dvo_ivch.o
  CC      drivers/ptp/ptp_clock.o
  CC      drivers/pps/kapi.o
  CC      drivers/pps/sysfs.o
  CC      drivers/usb/host/xhci-debugfs.o
  CC      drivers/gpu/drm/i915/display/dvo_ns2501.o
  CC      drivers/ptp/ptp_chardev.o
  AR      drivers/pps/built-in.a
  CC      drivers/power/supply/power_supply_core.o
  CC      drivers/usb/host/xhci-pci.o
  CC      drivers/ptp/ptp_sysfs.o
  CC      drivers/gpu/drm/i915/display/dvo_sil164.o
  CC      drivers/power/supply/power_supply_sysfs.o
  CC      drivers/power/supply/power_supply_leds.o
  CC      drivers/ptp/ptp_vclock.o
  CC      drivers/gpu/drm/i915/display/dvo_tfp410.o
  AR      drivers/usb/host/built-in.a
  CC      drivers/usb/early/ehci-dbgp.o
  CC      drivers/power/supply/power_supply_hwmon.o
  CC      drivers/ptp/ptp_kvm_x86.o
  AR      drivers/power/supply/built-in.a
  AR      drivers/power/built-in.a
  CC      drivers/hwmon/hwmon.o
  AR      drivers/usb/early/built-in.a
  AR      drivers/usb/built-in.a
  CC      drivers/gpu/drm/drm_cache.o
  CC      drivers/gpu/drm/i915/display/g4x_dp.o
  CC      drivers/ptp/ptp_kvm_common.o
  CC      drivers/gpu/drm/i915/display/g4x_hdmi.o
  AR      drivers/ptp/built-in.a
  AR      drivers/thermal/broadcom/built-in.a
  AR      drivers/thermal/renesas/built-in.a
  AR      drivers/thermal/samsung/built-in.a
  CC      drivers/thermal/intel/intel_tcc.o
  AR      drivers/hwmon/built-in.a
  AR      drivers/watchdog/built-in.a
  CC      drivers/md/md.o
  CC      drivers/thermal/intel/therm_throt.o
  CC      drivers/gpu/drm/drm_client.o
  CC      drivers/gpu/drm/i915/display/icl_dsi.o
  CC [M]  drivers/thermal/intel/x86_pkg_temp_thermal.o
  AR      drivers/thermal/st/built-in.a
  CC      drivers/opp/core.o
  AR      drivers/thermal/intel/built-in.a
  AR      drivers/thermal/qcom/built-in.a
  AR      drivers/thermal/tegra/built-in.a
  AR      drivers/thermal/mediatek/built-in.a
  CC      drivers/thermal/thermal_core.o
  CC      drivers/opp/cpu.o
  CC      drivers/gpu/drm/i915/display/intel_backlight.o
  CC      drivers/opp/debugfs.o
  CC      drivers/thermal/thermal_sysfs.o
  AR      drivers/opp/built-in.a
  CC      drivers/cpufreq/cpufreq.o
  CC      drivers/thermal/thermal_trip.o
  CC      drivers/thermal/thermal_helpers.o
  CC      drivers/gpu/drm/i915/display/intel_crt.o
  CC      drivers/md/md-bitmap.o
  CC      drivers/thermal/thermal_hwmon.o
  CC      drivers/cpufreq/freq_table.o
  CC      drivers/thermal/gov_step_wise.o
  CC      drivers/cpufreq/cpufreq_performance.o
  CC      drivers/thermal/gov_user_space.o
  CC      drivers/gpu/drm/i915/display/intel_cx0_phy.o
  CC      drivers/md/md-autodetect.o
  CC      drivers/cpufreq/cpufreq_userspace.o
  CC      drivers/thermal/devfreq_cooling.o
  CC      drivers/cpufreq/cpufreq_ondemand.o
  AR      drivers/thermal/built-in.a
  CC      drivers/cpufreq/cpufreq_governor.o
  CC      drivers/md/dm.o
  CC      drivers/cpuidle/governors/menu.o
  CC      drivers/cpufreq/cpufreq_governor_attr_set.o
  CC      drivers/cpuidle/governors/haltpoll.o
  CC      drivers/gpu/drm/i915/display/intel_ddi.o
  CC      drivers/cpufreq/acpi-cpufreq.o
  CC      drivers/md/dm-table.o
  AR      drivers/cpuidle/governors/built-in.a
  CC      drivers/cpuidle/cpuidle.o
  CC      drivers/cpufreq/amd-pstate.o
  CC      drivers/cpuidle/driver.o
  CC      drivers/md/dm-target.o
  CC      drivers/cpufreq/amd-pstate-trace.o
  CC      drivers/cpuidle/governor.o
  CC      drivers/md/dm-linear.o
  CC      drivers/cpuidle/sysfs.o
  CC      drivers/cpufreq/intel_pstate.o
  CC      drivers/md/dm-stripe.o
  CC      drivers/gpu/drm/i915/display/intel_ddi_buf_trans.o
  CC      drivers/cpuidle/poll_state.o
  CC      drivers/cpuidle/cpuidle-haltpoll.o
  CC      drivers/md/dm-ioctl.o
  AR      drivers/cpuidle/built-in.a
  AR      drivers/mmc/built-in.a
  CC      drivers/gpu/drm/drm_client_modeset.o
  CC      drivers/gpu/drm/i915/display/intel_display_device.o
  AR      drivers/cpufreq/built-in.a
  AR      drivers/ufs/built-in.a
  CC      drivers/md/dm-io.o
  CC      drivers/gpu/drm/drm_color_mgmt.o
  CC      drivers/gpu/drm/i915/display/intel_display_trace.o
  CC      drivers/md/dm-kcopyd.o
  AR      drivers/firmware/arm_ffa/built-in.a
  AR      drivers/firmware/arm_scmi/built-in.a
  AR      drivers/firmware/broadcom/built-in.a
  AR      drivers/firmware/cirrus/built-in.a
  AR      drivers/firmware/meson/built-in.a
  AR      drivers/firmware/microchip/built-in.a
  CC      drivers/firmware/efi/libstub/efi-stub-helper.o
  CC      drivers/gpu/drm/drm_connector.o
  CC      drivers/md/dm-sysfs.o
  CC      drivers/firmware/efi/libstub/gop.o
  CC      drivers/firmware/efi/efi-bgrt.o
  CC      drivers/md/dm-stats.o
  CC      drivers/firmware/efi/libstub/secureboot.o
  CC      drivers/gpu/drm/i915/display/intel_dkl_phy.o
  CC      drivers/firmware/efi/efi.o
  CC      drivers/firmware/efi/libstub/tpm.o
  CC      drivers/md/dm-rq.o
  CC      drivers/gpu/drm/i915/display/intel_dp.o
  CC      drivers/firmware/efi/libstub/file.o
  AR      drivers/crypto/stm32/built-in.a
  AR      drivers/crypto/xilinx/built-in.a
  AR      drivers/crypto/hisilicon/built-in.a
  AR      drivers/crypto/intel/keembay/built-in.a
  AR      drivers/crypto/intel/ixp4xx/built-in.a
  AR      drivers/crypto/intel/built-in.a
  AR      drivers/crypto/starfive/built-in.a
  AR      drivers/crypto/built-in.a
  AR      drivers/firmware/imx/built-in.a
  CC      drivers/gpu/drm/drm_crtc.o
  CC      drivers/md/dm-io-rewind.o
  CC      drivers/firmware/efi/libstub/mem.o
  CC      drivers/gpu/drm/drm_displayid.o
  CC      drivers/md/dm-builtin.o
  CC      drivers/firmware/efi/libstub/random.o
  CC      drivers/gpu/drm/i915/display/intel_dp_aux.o
  CC      drivers/firmware/efi/libstub/randomalloc.o
  CC      drivers/md/dm-raid1.o
  CC      drivers/firmware/efi/libstub/pci.o
  CC      drivers/firmware/efi/libstub/skip_spaces.o
  CC      drivers/firmware/efi/vars.o
  CC      drivers/md/dm-log.o
  CC      drivers/gpu/drm/i915/display/intel_dp_aux_backlight.o
  CC      drivers/firmware/efi/libstub/lib-cmdline.o
  CC      drivers/firmware/efi/libstub/lib-ctype.o
  CC      drivers/firmware/efi/reboot.o
  CC      drivers/firmware/efi/libstub/alignedmem.o
  CC      drivers/md/dm-region-hash.o
  CC      drivers/clocksource/acpi_pm.o
  CC      drivers/firmware/efi/libstub/relocate.o
  CC      drivers/gpu/drm/i915/display/intel_dp_hdcp.o
  CC      drivers/clocksource/i8253.o
  CC      drivers/md/dm-zero.o
  CC      drivers/firmware/efi/libstub/printk.o
  AR      drivers/clocksource/built-in.a
  AR      drivers/firmware/psci/built-in.a
  CC      drivers/gpu/drm/i915/display/intel_dp_link_training.o
  AR      drivers/md/built-in.a
  CC      drivers/gpu/drm/drm_drv.o
  CC      drivers/firmware/efi/libstub/vsprintf.o
  CC      drivers/firmware/efi/libstub/x86-stub.o
  CC      drivers/firmware/efi/memattr.o
  CC      drivers/firmware/efi/libstub/smbios.o
  CC      drivers/firmware/efi/tpm.o
  CC      drivers/firmware/efi/libstub/x86-5lvl.o
  CC      drivers/hid/usbhid/hid-core.o
  CC      drivers/hid/usbhid/hiddev.o
  CC      drivers/gpu/drm/i915/display/intel_dp_mst.o
  STUBCPY drivers/firmware/efi/libstub/alignedmem.stub.o
  STUBCPY drivers/firmware/efi/libstub/efi-stub-helper.stub.o
  STUBCPY drivers/firmware/efi/libstub/file.stub.o
  STUBCPY drivers/firmware/efi/libstub/gop.stub.o
  STUBCPY drivers/firmware/efi/libstub/lib-cmdline.stub.o
  STUBCPY drivers/firmware/efi/libstub/lib-ctype.stub.o
  STUBCPY drivers/firmware/efi/libstub/mem.stub.o
  STUBCPY drivers/firmware/efi/libstub/pci.stub.o
  STUBCPY drivers/firmware/efi/libstub/printk.stub.o
  STUBCPY drivers/firmware/efi/libstub/random.stub.o
  STUBCPY drivers/firmware/efi/libstub/randomalloc.stub.o
  STUBCPY drivers/firmware/efi/libstub/relocate.stub.o
  STUBCPY drivers/firmware/efi/libstub/secureboot.stub.o
  STUBCPY drivers/firmware/efi/libstub/skip_spaces.stub.o
  STUBCPY drivers/firmware/efi/libstub/smbios.stub.o
  STUBCPY drivers/firmware/efi/libstub/tpm.stub.o
  STUBCPY drivers/firmware/efi/libstub/vsprintf.stub.o
  STUBCPY drivers/firmware/efi/libstub/x86-5lvl.stub.o
  STUBCPY drivers/firmware/efi/libstub/x86-stub.stub.o
  AR      drivers/firmware/efi/libstub/lib.a
  CC      drivers/firmware/efi/memmap.o
  AR      drivers/firmware/qcom/built-in.a
  CC      drivers/gpu/drm/drm_dumb_buffers.o
  CC      drivers/hid/usbhid/hid-pidff.o
  CC      drivers/firmware/efi/esrt.o
  AR      drivers/platform/x86/amd/built-in.a
  AR      drivers/platform/x86/intel/built-in.a
  CC      drivers/platform/x86/wmi.o
  CC      drivers/gpu/drm/i915/display/intel_dsi.o
  AR      drivers/hid/usbhid/built-in.a
  CC      drivers/hid/hid-core.o
  CC      drivers/firmware/efi/runtime-wrappers.o
  CC      drivers/platform/x86/wmi-bmof.o
  CC      drivers/gpu/drm/i915/display/intel_dsi_dcs_backlight.o
  CC      drivers/platform/x86/eeepc-laptop.o
  CC      drivers/firmware/efi/earlycon.o
  CC      drivers/hid/hid-input.o
  AR      drivers/firmware/efi/built-in.a
  AR      drivers/firmware/smccc/built-in.a
  AR      drivers/firmware/tegra/built-in.a
  AR      drivers/firmware/xilinx/built-in.a
  CC      drivers/firmware/dmi_scan.o
  CC      drivers/gpu/drm/i915/display/intel_dsi_vbt.o
  CC      drivers/platform/x86/p2sb.o
  CC      drivers/firmware/dmi-id.o
  AR      drivers/platform/x86/built-in.a
  AR      drivers/platform/surface/built-in.a
  AR      drivers/platform/built-in.a
  CC      drivers/firmware/memmap.o
  CC      drivers/gpu/drm/i915/display/intel_dvo.o
  CC      drivers/gpu/drm/drm_edid.o
  CC      drivers/hid/hid-quirks.o
  AR      drivers/firmware/built-in.a
  CC      drivers/mailbox/mailbox.o
  CC      drivers/hid/hid-debug.o
  CC      drivers/mailbox/pcc.o
  CC      drivers/gpu/drm/i915/display/intel_encoder.o
  AR      drivers/mailbox/built-in.a
  CC      drivers/devfreq/devfreq.o
  CC      drivers/hid/hidraw.o
  CC      drivers/gpu/drm/i915/display/intel_gmbus.o
  CC      drivers/gpu/drm/drm_eld.o
  AR      drivers/perf/built-in.a
  CC      drivers/hid/hid-generic.o
  CC      drivers/devfreq/governor_simpleondemand.o
  CC      drivers/gpu/drm/i915/display/intel_hdmi.o
  AR      drivers/devfreq/built-in.a
  AR      drivers/hwtracing/intel_th/built-in.a
  CC      drivers/gpu/drm/i915/display/intel_lspcon.o
  CC      drivers/hid/hid-a4tech.o
  CC      drivers/gpu/drm/i915/display/intel_lvds.o
  CC      drivers/hid/hid-apple.o
  CC      drivers/gpu/drm/i915/display/intel_panel.o
  CC      drivers/gpu/drm/drm_encoder.o
  CC      drivers/hid/hid-belkin.o
  AR      drivers/android/built-in.a
  CC      drivers/hid/hid-cherry.o
  CC      drivers/gpu/drm/drm_file.o
  CC      drivers/gpu/drm/i915/display/intel_pps.o
  CC      drivers/hid/hid-chicony.o
  CC      drivers/gpu/drm/i915/display/intel_qp_tables.o
  AR      drivers/nvmem/layouts/built-in.a
  CC      drivers/nvmem/core.o
  CC      drivers/hid/hid-cypress.o
  CC      drivers/gpu/drm/drm_fourcc.o
  CC      drivers/gpu/drm/drm_framebuffer.o
  AR      drivers/nvmem/built-in.a
  CC      drivers/hid/hid-ezkey.o
  CC      drivers/gpu/drm/i915/display/intel_sdvo.o
  CC      drivers/gpu/drm/i915/display/intel_snps_phy.o
  CC      drivers/hid/hid-gyration.o
  CC      drivers/gpu/drm/drm_gem.o
  CC      drivers/hid/hid-ite.o
  CC      drivers/gpu/drm/drm_ioctl.o
  CC      drivers/hid/hid-kensington.o
  CC      drivers/gpu/drm/i915/display/intel_tv.o
  CC      drivers/gpu/drm/drm_lease.o
  CC      drivers/hid/hid-lg.o
  CC      drivers/gpu/drm/i915/display/intel_vdsc.o
  CC      drivers/gpu/drm/drm_managed.o
  CC      drivers/hid/hid-lgff.o
  CC      drivers/hid/hid-lg4ff.o
  CC      drivers/gpu/drm/i915/display/intel_vrr.o
  CC      drivers/hid/hid-lg-g15.o
  CC      drivers/gpu/drm/i915/display/vlv_dsi.o
  CC      drivers/hid/hid-microsoft.o
  CC      drivers/hid/hid-monterey.o
  CC      drivers/hid/hid-ntrig.o
  CC      drivers/gpu/drm/i915/display/vlv_dsi_pll.o
  CC      drivers/hid/hid-pl.o
  CC      drivers/hid/hid-petalynx.o
  CC      drivers/gpu/drm/i915/i915_perf.o
  CC      drivers/hid/hid-redragon.o
  CC      drivers/gpu/drm/i915/pxp/intel_pxp.o
  CC      drivers/gpu/drm/drm_mm.o
  CC      drivers/hid/hid-samsung.o
  CC      drivers/gpu/drm/i915/pxp/intel_pxp_huc.o
  CC      drivers/hid/hid-sony.o
  CC      drivers/gpu/drm/i915/pxp/intel_pxp_tee.o
  CC      drivers/gpu/drm/drm_mode_config.o
  CC      drivers/gpu/drm/i915/i915_gpu_error.o
  CC      drivers/hid/hid-sunplus.o
  CC      drivers/gpu/drm/i915/i915_vgpu.o
  CC      drivers/gpu/drm/drm_mode_object.o
  CC      drivers/hid/hid-topseed.o
  CC      drivers/gpu/drm/drm_modes.o
  CC      drivers/gpu/drm/drm_modeset_lock.o
  AR      drivers/hid/built-in.a
  CC      drivers/gpu/drm/drm_plane.o
  AR      drivers/gpu/drm/i915/built-in.a
  CC      drivers/gpu/drm/drm_prime.o
  CC      drivers/gpu/drm/drm_print.o
  CC      drivers/gpu/drm/drm_property.o
  CC      drivers/gpu/drm/drm_syncobj.o
  CC      drivers/gpu/drm/drm_sysfs.o
  CC      drivers/gpu/drm/drm_trace_points.o
  CC      drivers/gpu/drm/drm_vblank.o
  CC      drivers/gpu/drm/drm_vblank_work.o
  CC      drivers/gpu/drm/drm_vma_manager.o
  CC      drivers/gpu/drm/drm_writeback.o
  CC      drivers/gpu/drm/drm_ioc32.o
  CC      drivers/gpu/drm/drm_panel.o
  CC      drivers/gpu/drm/drm_pci.o
  CC      drivers/gpu/drm/drm_debugfs.o
  CC      drivers/gpu/drm/drm_debugfs_crc.o
  CC      drivers/gpu/drm/drm_panel_orientation_quirks.o
  CC      drivers/gpu/drm/drm_buddy.o
  CC      drivers/gpu/drm/drm_gem_shmem_helper.o
  CC      drivers/gpu/drm/drm_atomic_helper.o
  CC      drivers/gpu/drm/drm_atomic_state_helper.o
  CC      drivers/gpu/drm/drm_crtc_helper.o
  CC      drivers/gpu/drm/drm_damage_helper.o
  CC      drivers/gpu/drm/drm_encoder_slave.o
  CC      drivers/gpu/drm/drm_flip_work.o
  CC      drivers/gpu/drm/drm_format_helper.o
  CC      drivers/gpu/drm/drm_gem_atomic_helper.o
  CC      drivers/gpu/drm/drm_gem_framebuffer_helper.o
  CC      drivers/gpu/drm/drm_kms_helper_common.o
  CC      drivers/gpu/drm/drm_modeset_helper.o
  CC      drivers/gpu/drm/drm_plane_helper.o
  CC      drivers/gpu/drm/drm_probe_helper.o
  CC      drivers/gpu/drm/drm_rect.o
  CC      drivers/gpu/drm/drm_self_refresh_helper.o
  CC      drivers/gpu/drm/drm_simple_kms_helper.o
  CC      drivers/gpu/drm/bridge/panel.o
  CC      drivers/gpu/drm/drm_mipi_dsi.o
  AR      drivers/gpu/drm/built-in.a
  AR      drivers/gpu/built-in.a
  AR      drivers/built-in.a
  AR      built-in.a
  AR      vmlinux.a
  LD      vmlinux.o
  OBJCOPY modules.builtin.modinfo
  GEN     modules.builtin
  MODPOST Module.symvers
ERROR: modpost: "__clk_is_enabled" [drivers/gpu/arm/midgard/mali_kbase.ko] undefined!
make[3]: *** [/workspaces/lab0xy0/kernel/sources/linux/6.12.111/scripts/Makefile.modpost:145: Module.symvers] Error 1
make[2]: *** [/workspaces/lab0xy0/kernel/sources/linux/6.12.111/Makefile:1919: modpost] Error 2
make[1]: *** [/workspaces/lab0xy0/kernel/sources/linux/6.12.111/Makefile:224: __sub-make] Error 2
make[1]: Leaving directory '/workspaces/lab0xy0/build/baseline'
make: *** [Makefile:224: __sub-make] Error 2
